pc1,pc2,pc3,pc4,label,label_name,filename,split
0.07632041,1.7461815,1.4748611,1.2040545,2,malignant,Preprocessed_Dataset/cmmd/cmmd_3298.jpg,train
1.2952025,1.9849741,1.5191412,1.7424275,1,benign,Preprocessed_Dataset/cdd-cesm/cdd-cesm_920.jpg,train
0.2312082,1.0994945,1.7532964,2.141648,2,malignant,Preprocessed_Dataset/cmmd/cmmd_4631.jpg,train
1.2215426,2.472753,0.6592788,1.0748298,1,benign,Preprocessed_Dataset/ddsm/ddsm_7947.jpg,train
0.13236928,1.9200575,1.4835542,1.0616952,1,benign,Preprocessed_Dataset/cmmd/cmmd_437.jpg,train
2.0273929,1.2806306,2.6081066,1.7860854,1,benign,Preprocessed_Dataset/ddsm/ddsm_8344.jpg,train
0.5818139,0.99944574,2.0243692,2.357287,0,normal,Preprocessed_Dataset/kau-bcmd/kau-bcmd_856.jpg,train
0.61030185,2.0362546,2.041854,0.81605446,2,malignant,Preprocessed_Dataset/cmmd/cmmd_3476.jpg,train
1.8288198,2.221731,2.6824675,1.0225923,1,benign,Preprocessed_Dataset/ddsm/ddsm_7677.jpg,train
1.547876,1.9357246,2.1826224,1.786329,2,malignant,Preprocessed_Dataset/ddsm/ddsm_3469.jpg,train
0.5431845,1.6130304,2.0307958,1.6756428,1,benign,Preprocessed_Dataset/kau-bcmd/kau-bcmd_84.jpg,train
2.0392358,0.4960251,1.3312106,1.0153695,0,normal,Preprocessed_Dataset/ddsm/ddsm_482.jpg,train
0.95598054,1.3242766,1.5082103,1.1898589,1,benign,Preprocessed_Dataset/cdd-cesm/cdd-cesm_79.jpg,train
1.8018379,2.9172635,1.098447,1.0620553,0,normal,Preprocessed_Dataset/ddsm/ddsm_2031.jpg,train
1.6052835,1.9491298,2.649652,1.4119562,1,benign,Preprocessed_Dataset/ddsm/ddsm_7053.jpg,train
1.8087837,1.9979129,1.9641832,1.9215676,2,malignant,Preprocessed_Dataset/ddsm/ddsm_3365.jpg,train
0.06265712,1.1362416,1.4786658,1.5895516,2,malignant,Preprocessed_Dataset/cmmd/cmmd_4527.jpg,train
1.8226054,0.39376724,1.89123,1.6933848,0,normal,Preprocessed_Dataset/ddsm/ddsm_968.jpg,train
2.287904,2.589268,2.7343953,1.4165537,1,benign,Preprocessed_Dataset/ddsm/ddsm_9261.jpg,train
0.9801657,2.5758047,1.3420045,0.7457878,1,benign,Preprocessed_Dataset/inbreast/inbreast_107.jpg,train
2.1050744,0.30774152,1.5389965,0.99015564,1,benign,Preprocessed_Dataset/ddsm/ddsm_8064.jpg,train
0.28150994,1.0192919,1.5332403,2.3920293,1,benign,Preprocessed_Dataset/cmmd/cmmd_4378.jpg,train
1.7467844,2.088513,1.9203734,1.9572632,1,benign,Preprocessed_Dataset/ddsm/ddsm_10277.jpg,train
0.15495539,1.8440843,1.4115986,0.97448635,2,malignant,Preprocessed_Dataset/cmmd/cmmd_3427.jpg,train
1.6624911,2.1010659,2.5593188,1.0220263,2,malignant,Preprocessed_Dataset/ddsm/ddsm_4305.jpg,train
1.6570804,2.0730617,1.825264,1.0137851,1,benign,Preprocessed_Dataset/ddsm/ddsm_8089.jpg,train
2.1232474,1.0460663,2.5672295,1.8328657,1,benign,Preprocessed_Dataset/ddsm/ddsm_6736.jpg,train
1.0685587,1.9211118,2.156958,2.30428,2,malignant,Preprocessed_Dataset/ddsm/ddsm_2839.jpg,train
0.36126322,1.9071023,1.4696051,0.73079765,0,normal,Preprocessed_Dataset/kau-bcmd/kau-bcmd_1769.jpg,train
2.4465747,2.4386404,2.1463382,1.5963812,0,normal,Preprocessed_Dataset/ddsm/ddsm_1825.jpg,train
2.159699,0.39197516,0.7822239,1.1415973,1,benign,Preprocessed_Dataset/ddsm/ddsm_8778.jpg,train
1.8150432,2.3952482,2.0735726,1.2557002,0,normal,Preprocessed_Dataset/ddsm/ddsm_905.jpg,train
0.1572113,1.9113605,1.6199393,1.0242977,1,benign,Preprocessed_Dataset/cmmd/cmmd_1973.jpg,train
2.02557,0.66858375,1.5184615,1.4866405,1,benign,Preprocessed_Dataset/ddsm/ddsm_8022.jpg,train
0.13089848,0.98059434,1.367634,1.4531678,1,benign,Preprocessed_Dataset/cmmd/cmmd_444.jpg,train
1.873433,0.58393854,1.7103547,0.75446963,1,benign,Preprocessed_Dataset/ddsm/ddsm_6834.jpg,train
1.7319231,2.4360452,2.5237467,1.0718005,0,normal,Preprocessed_Dataset/ddsm/ddsm_113.jpg,train
1.7321821,2.0276926,2.5570586,1.0008466,1,benign,Preprocessed_Dataset/ddsm/ddsm_8361.jpg,train
1.1915327,1.5470039,2.7597651,1.8018247,0,normal,Preprocessed_Dataset/cdd-cesm/cdd-cesm_286.jpg,train
0.43430203,0.8095128,1.4414095,2.5117493,1,benign,Preprocessed_Dataset/ddsm/ddsm_6644.jpg,train
0.19611275,2.012956,1.509982,0.9509186,1,benign,Preprocessed_Dataset/cmmd/cmmd_1810.jpg,train
0.15824497,1.817536,1.5967395,0.9059859,0,normal,Preprocessed_Dataset/kau-bcmd/kau-bcmd_497.jpg,train
0.20215201,1.8880901,1.3972088,1.0031905,2,malignant,Preprocessed_Dataset/cmmd/cmmd_1159.jpg,train
0.13783383,1.0423744,1.6174682,1.7929465,0,normal,Preprocessed_Dataset/kau-bcmd/kau-bcmd_1523.jpg,train
0.0105832815,1.6969501,1.5017651,1.4221209,2,malignant,Preprocessed_Dataset/cmmd/cmmd_3489.jpg,train
0.33352476,2.1804638,1.0134475,1.032476,1,benign,Preprocessed_Dataset/inbreast/inbreast_395.jpg,train
1.4234217,1.7676061,1.7813884,1.0611751,1,benign,Preprocessed_Dataset/ddsm/ddsm_9957.jpg,train
1.4110836,2.325901,1.7630348,1.5687442,2,malignant,Preprocessed_Dataset/ddsm/ddsm_4653.jpg,train
0.8427117,2.7120295,0.7395463,0.20612955,1,benign,Preprocessed_Dataset/inbreast/inbreast_73.jpg,train
2.1130233,0.5047449,1.640188,1.615277,1,benign,Preprocessed_Dataset/ddsm/ddsm_10150.jpg,train
2.113995,2.3524945,2.692265,0.9377534,1,benign,Preprocessed_Dataset/ddsm/ddsm_6789.jpg,train
1.6754117,2.6366534,1.3551049,1.6163865,0,normal,Preprocessed_Dataset/ddsm/ddsm_943.jpg,train
0.43775427,1.8279717,2.0142725,0.90251404,1,benign,Preprocessed_Dataset/cmmd/cmmd_2209.jpg,train
1.6954529,0.5725993,0.70153964,1.3742844,0,normal,Preprocessed_Dataset/ddsm/ddsm_2150.jpg,train
0.6762688,0.4677068,0.99451005,1.7333696,0,normal,Preprocessed_Dataset/dmid/dmid_241.jpg,train
0.46637964,0.9502052,1.6858716,2.2412329,2,malignant,Preprocessed_Dataset/cmmd/cmmd_4748.jpg,train
1.7904284,2.5513172,0.83732307,2.255695,1,benign,Preprocessed_Dataset/ddsm/ddsm_7935.jpg,train
0.0,1.2591269,1.6396773,1.5565059,1,benign,Preprocessed_Dataset/cmmd/cmmd_358.jpg,train
0.21478748,1.0874573,1.5496696,2.1338542,0,normal,Preprocessed_Dataset/kau-bcmd/kau-bcmd_463.jpg,train
1.3934445,1.1222551,2.5386882,1.2241907,1,benign,Preprocessed_Dataset/ddsm/ddsm_6688.jpg,train
1.3388513,2.321487,0.79553455,1.8140506,1,benign,Preprocessed_Dataset/ddsm/ddsm_9631.jpg,train
0.40301,2.2268093,1.3735032,0.4265344,0,normal,Preprocessed_Dataset/dmid/dmid_238.jpg,train
0.05732441,1.7585732,1.4951652,1.2169256,2,malignant,Preprocessed_Dataset/cmmd/cmmd_1719.jpg,train
0.8978593,2.4712625,1.4675545,0.4687072,0,normal,Preprocessed_Dataset/dmid/dmid_136.jpg,train
1.9808741,2.368802,1.9995258,1.7461224,0,normal,Preprocessed_Dataset/ddsm/ddsm_449.jpg,train
0.35371196,1.3846675,1.8555338,2.0471241,0,normal,Preprocessed_Dataset/kau-bcmd/kau-bcmd_198.jpg,train
2.04097,2.855424,0.7781552,1.7246926,1,benign,Preprocessed_Dataset/ddsm/ddsm_8627.jpg,train
1.6176491,2.371432,2.0955927,1.8867178,1,benign,Preprocessed_Dataset/ddsm/ddsm_7537.jpg,train
2.2701159,2.6114588,0.37054694,2.7035434,2,malignant,Preprocessed_Dataset/ddsm/ddsm_5663.jpg,train
1.5590711,1.1654817,2.8615294,1.4731265,1,benign,Preprocessed_Dataset/ddsm/ddsm_10312.jpg,train
2.172193,2.5632014,1.8560601,2.1020348,0,normal,Preprocessed_Dataset/ddsm/ddsm_523.jpg,train
1.6217651,0.7853453,1.9901615,2.6341183,1,benign,Preprocessed_Dataset/ddsm/ddsm_8076.jpg,train
0.54507786,0.97741175,1.8877714,2.23871,0,normal,Preprocessed_Dataset/kau-bcmd/kau-bcmd_572.jpg,train
0.6445654,0.6382255,1.6282703,2.5785205,0,normal,Preprocessed_Dataset/dmid/dmid_379.jpg,train
1.7158737,0.78049934,0.5377991,0.761236,1,benign,Preprocessed_Dataset/ddsm/ddsm_8998.jpg,train
1.9937407,2.842722,1.0114988,1.4029391,0,normal,Preprocessed_Dataset/ddsm/ddsm_1655.jpg,train
0.48867673,2.287729,0.854909,0.99717873,1,benign,Preprocessed_Dataset/dmid/dmid_70.jpg,train
2.1357431,0.47515965,1.0527549,0.62672687,0,normal,Preprocessed_Dataset/ddsm/ddsm_1306.jpg,train
1.0179209,2.2784462,1.4722265,0.8793574,0,normal,Preprocessed_Dataset/kau-bcmd/kau-bcmd_2204.jpg,train
0.1713121,1.0578576,1.6659182,1.9645886,0,normal,Preprocessed_Dataset/kau-bcmd/kau-bcmd_2062.jpg,train
2.0197904,2.3192465,1.4927619,2.4875295,0,normal,Preprocessed_Dataset/ddsm/ddsm_967.jpg,train
1.5608584,1.2322993,2.3012707,1.6184955,1,benign,Preprocessed_Dataset/ddsm/ddsm_8636.jpg,train
1.6987336,1.57582,2.494266,1.6265588,0,normal,Preprocessed_Dataset/ddsm/ddsm_345.jpg,train
1.1439539,1.7706586,1.0976582,2.260944,0,normal,Preprocessed_Dataset/cdd-cesm/cdd-cesm_719.jpg,train
0.094124556,1.9189659,1.4045016,1.3638535,2,malignant,Preprocessed_Dataset/cmmd/cmmd_268.jpg,train
0.86359245,1.8082236,1.4013981,1.9151285,0,normal,Preprocessed_Dataset/cdd-cesm/cdd-cesm_301.jpg,train
0.42813015,2.0540757,1.6719182,0.5276512,0,normal,Preprocessed_Dataset/kau-bcmd/kau-bcmd_2057.jpg,train
0.12827456,1.0460536,1.4329771,1.6138059,2,malignant,Preprocessed_Dataset/cmmd/cmmd_3828.jpg,train
1.5409694,2.0432491,2.1842415,1.3908045,2,malignant,Preprocessed_Dataset/ddsm/ddsm_4321.jpg,train
2.1863253,2.545979,1.2962216,2.4751816,0,normal,Preprocessed_Dataset/ddsm/ddsm_1543.jpg,train
2.0980325,0.18208241,0.7306125,1.3218111,2,malignant,Preprocessed_Dataset/ddsm/ddsm_3414.jpg,train
2.033029,0.85204804,2.1564682,1.386669,1,benign,Preprocessed_Dataset/ddsm/ddsm_8120.jpg,train
1.7473112,2.3170843,0.9051911,2.1111052,1,benign,Preprocessed_Dataset/ddsm/ddsm_6659.jpg,train
0.1682831,1.9278811,1.4347153,1.0310013,1,benign,Preprocessed_Dataset/cmmd/cmmd_122.jpg,train
2.1636083,2.9870038,1.5845144,1.585876,0,normal,Preprocessed_Dataset/ddsm/ddsm_1579.jpg,train
0.12112665,1.5135255,1.898356,1.3961202,1,benign,Preprocessed_Dataset/kau-bcmd/kau-bcmd_488.jpg,train
1.2213387,1.1747642,2.2067873,1.3413243,1,benign,Preprocessed_Dataset/cdd-cesm/cdd-cesm_927.jpg,train
0.25969446,1.9974235,1.5251994,0.7893952,1,benign,Preprocessed_Dataset/cmmd/cmmd_2479.jpg,train
1.5030988,1.1495603,2.509266,1.4952632,2,malignant,Preprocessed_Dataset/ddsm/ddsm_3940.jpg,train
0.2575146,1.042541,1.838782,2.1709604,2,malignant,Preprocessed_Dataset/cmmd/cmmd_2630.jpg,train
0.061579227,1.1116114,1.3283846,1.2736505,2,malignant,Preprocessed_Dataset/cmmd/cmmd_4333.jpg,train
1.8227,2.5806181,1.2455101,2.2302568,1,benign,Preprocessed_Dataset/ddsm/ddsm_8131.jpg,train
1.4884541,2.3145213,2.4074426,0.405151,2,malignant,Preprocessed_Dataset/ddsm/ddsm_3249.jpg,train
1.9613659,1.1760552,2.524969,1.6044824,0,normal,Preprocessed_Dataset/ddsm/ddsm_1904.jpg,train
0.67072815,2.3939664,1.5262091,0.6500192,2,malignant,Preprocessed_Dataset/cmmd/cmmd_1452.jpg,train
0.058855534,1.1543267,1.6063441,1.5913993,1,benign,Preprocessed_Dataset/cmmd/cmmd_3894.jpg,train
1.8082438,2.2138863,1.0791364,2.2664256,1,benign,Preprocessed_Dataset/ddsm/ddsm_6619.jpg,train
0.2919339,1.858641,1.8721246,0.84341526,2,malignant,Preprocessed_Dataset/cmmd/cmmd_2851.jpg,train
2.2046409,0.8273589,1.59248,0.46654797,1,benign,Preprocessed_Dataset/ddsm/ddsm_6902.jpg,train
0.18556452,1.8630542,1.4687644,0.9241224,2,malignant,Preprocessed_Dataset/cmmd/cmmd_3450.jpg,train
1.6428379,2.5980372,0.77882683,1.4266694,1,benign,Preprocessed_Dataset/ddsm/ddsm_6679.jpg,train
1.6056223,2.6630194,0.5284811,1.743842,2,malignant,Preprocessed_Dataset/ddsm/ddsm_6219.jpg,train
2.4975414,2.7149282,1.8128076,2.4380329,2,malignant,Preprocessed_Dataset/ddsm/ddsm_5723.jpg,train
1.6391472,1.7221601,2.4932775,2.231309,2,malignant,Preprocessed_Dataset/cdd-cesm/cdd-cesm_770.jpg,train
1.9364423,2.5246572,1.6000899,2.0545104,1,benign,Preprocessed_Dataset/ddsm/ddsm_9331.jpg,train
2.0083947,2.1697378,1.8924286,2.029043,1,benign,Preprocessed_Dataset/ddsm/ddsm_7961.jpg,train
1.8423643,2.3496027,1.3733954,1.724633,0,normal,Preprocessed_Dataset/ddsm/ddsm_925.jpg,train
1.4774472,2.2633986,1.5820891,2.0157945,1,benign,Preprocessed_Dataset/ddsm/ddsm_6735.jpg,train
1.8040493,0.5537383,0.22877967,1.2143077,1,benign,Preprocessed_Dataset/ddsm/ddsm_7786.jpg,train
0.14644027,1.0814438,1.3446378,1.4858803,2,malignant,Preprocessed_Dataset/cmmd/cmmd_4365.jpg,train
2.3770225,2.658409,1.3703994,2.2655463,1,benign,Preprocessed_Dataset/ddsm/ddsm_9263.jpg,train
1.3668505,1.7053611,1.4351927,2.1379857,0,normal,Preprocessed_Dataset/cdd-cesm/cdd-cesm_186.jpg,train
2.239459,0.9894061,2.0111518,2.3473554,0,normal,Preprocessed_Dataset/ddsm/ddsm_1792.jpg,train
1.3819585,0.4309783,0.6133101,2.5291693,2,malignant,Preprocessed_Dataset/ddsm/ddsm_6206.jpg,train
1.6255453,2.5171366,0.16649747,1.9084843,2,malignant,Preprocessed_Dataset/ddsm/ddsm_3919.jpg,train
2.1984065,2.3442616,2.3279836,1.1338688,2,malignant,Preprocessed_Dataset/ddsm/ddsm_3493.jpg,train
1.3151962,2.0041008,1.8172826,1.4882329,1,benign,Preprocessed_Dataset/ddsm/ddsm_10397.jpg,train
2.1929853,2.6108966,0.06774163,2.4069,2,malignant,Preprocessed_Dataset/ddsm/ddsm_2915.jpg,train
1.8670137,0.8178266,2.094808,2.2449021,1,benign,Preprocessed_Dataset/ddsm/ddsm_6804.jpg,train
1.8533037,0.6282342,2.296783,1.8577367,0,normal,Preprocessed_Dataset/ddsm/ddsm_856.jpg,train
0.10841215,1.1151832,1.4631897,1.773847,1,benign,Preprocessed_Dataset/cmmd/cmmd_2291.jpg,train
2.261981,2.3436646,2.1843543,1.9413376,2,malignant,Preprocessed_Dataset/ddsm/ddsm_5069.jpg,train
1.6579106,2.5291235,1.4835845,2.015133,1,benign,Preprocessed_Dataset/ddsm/ddsm_8165.jpg,train
1.8507056,2.2932956,0.8359734,2.2807446,1,benign,Preprocessed_Dataset/ddsm/ddsm_7515.jpg,train
0.20218313,1.8051255,1.5884067,0.9261561,2,malignant,Preprocessed_Dataset/cmmd/cmmd_2114.jpg,train
1.6528876,2.4859085,1.9458138,2.1135035,2,malignant,Preprocessed_Dataset/ddsm/ddsm_4633.jpg,train
0.53173816,1.9358863,1.7081579,0.5243903,1,benign,Preprocessed_Dataset/cmmd/cmmd_2125.jpg,train
1.0498126,0.94691277,2.3642752,2.3188524,1,benign,Preprocessed_Dataset/ddsm/ddsm_7760.jpg,train
0.33170962,1.7719793,1.6351041,0.7588616,1,benign,Preprocessed_Dataset/cmmd/cmmd_2373.jpg,train
0.75911725,2.2446089,1.312508,1.15344,0,normal,Preprocessed_Dataset/kau-bcmd/kau-bcmd_1772.jpg,train
0.65305495,1.978435,1.4020671,1.04358,0,normal,Preprocessed_Dataset/kau-bcmd/kau-bcmd_2161.jpg,train
0.2504354,1.880987,1.5901929,0.7000313,0,normal,Preprocessed_Dataset/kau-bcmd/kau-bcmd_634.jpg,train
1.8922839,2.4998612,1.5607513,1.782381,2,malignant,Preprocessed_Dataset/ddsm/ddsm_5905.jpg,train
0.10999215,1.8063636,1.4738784,1.2762917,2,malignant,Preprocessed_Dataset/cmmd/cmmd_2600.jpg,train
1.2716905,0.69858724,1.5820996,2.573123,2,malignant,Preprocessed_Dataset/ddsm/ddsm_5800.jpg,train
2.295601,2.3169827,0.97866976,1.2723951,0,normal,Preprocessed_Dataset/ddsm/ddsm_1083.jpg,train
0.36761713,0.9782999,1.4152795,2.254136,1,benign,Preprocessed_Dataset/cmmd/cmmd_3572.jpg,train
0.3095795,1.0835209,1.7903163,2.2923234,0,normal,Preprocessed_Dataset/kau-bcmd/kau-bcmd_414.jpg,train
1.4537063,2.5009453,2.167427,0.9366238,1,benign,Preprocessed_Dataset/ddsm/ddsm_9109.jpg,train
1.9958601,2.0484164,2.4703245,1.8939033,0,normal,Preprocessed_Dataset/ddsm/ddsm_1977.jpg,train
1.5199313,2.1658273,1.3438197,2.0197406,0,normal,Preprocessed_Dataset/ddsm/ddsm_2599.jpg,train
0.035906553,1.5019664,1.7862273,1.416396,0,normal,Preprocessed_Dataset/kau-bcmd/kau-bcmd_737.jpg,train
1.8783802,1.9408514,1.9673456,1.9834282,1,benign,Preprocessed_Dataset/ddsm/ddsm_10201.jpg,train
2.4232526,0.4198835,0.75879854,0.66956973,2,malignant,Preprocessed_Dataset/ddsm/ddsm_5378.jpg,train
0.28994405,1.8639344,1.6047798,0.63369817,2,malignant,Preprocessed_Dataset/cmmd/cmmd_1186.jpg,train
2.2989545,0.73842317,2.8406625,1.9749404,2,malignant,Preprocessed_Dataset/ddsm/ddsm_4952.jpg,train
0.085997105,1.8835644,1.4396687,1.3182546,2,malignant,Preprocessed_Dataset/cmmd/cmmd_933.jpg,train
0.28444332,1.3876992,1.7252152,1.9192815,0,normal,Preprocessed_Dataset/kau-bcmd/kau-bcmd_210.jpg,train
1.8504686,1.1954434,2.6567788,1.5117751,1,benign,Preprocessed_Dataset/ddsm/ddsm_9760.jpg,train
0.3160246,1.0118065,1.5744911,2.190236,1,benign,Preprocessed_Dataset/cmmd/cmmd_1790.jpg,train
1.5716908,2.2579951,1.1051962,2.2033303,2,malignant,Preprocessed_Dataset/ddsm/ddsm_5551.jpg,train
0.19819748,1.0275977,1.5200717,1.9139419,1,benign,Preprocessed_Dataset/cmmd/cmmd_3614.jpg,train
2.5617027,0.80146927,2.366746,0.9283181,0,normal,Preprocessed_Dataset/ddsm/ddsm_2056.jpg,train
0.14006805,1.0977063,1.4375932,1.6782528,2,malignant,Preprocessed_Dataset/cmmd/cmmd_3798.jpg,train
2.0855358,2.0338778,2.6266565,1.8523238,1,benign,Preprocessed_Dataset/ddsm/ddsm_8957.jpg,train
2.113543,0.5422139,1.1485244,1.3158077,2,malignant,Preprocessed_Dataset/ddsm/ddsm_3576.jpg,train
1.6532154,1.1687368,2.1428056,0.89954174,2,malignant,Preprocessed_Dataset/ddsm/ddsm_3312.jpg,train
1.7566888,0.6993951,2.7458568,1.3957428,1,benign,Preprocessed_Dataset/ddsm/ddsm_9496.jpg,train
2.0384123,0.81256294,0.6673455,1.245992,1,benign,Preprocessed_Dataset/ddsm/ddsm_8774.jpg,train
1.5214609,2.1809542,2.756237,0.8547884,0,normal,Preprocessed_Dataset/ddsm/ddsm_921.jpg,train
2.1606166,2.6742926,0.40714657,2.4506292,2,malignant,Preprocessed_Dataset/ddsm/ddsm_3599.jpg,train
0.100937724,1.0704072,1.3478378,1.4795558,2,malignant,Preprocessed_Dataset/cmmd/cmmd_4048.jpg,train
1.5624255,2.5249152,1.8082803,0.5644464,0,normal,Preprocessed_Dataset/ddsm/ddsm_9.jpg,train
1.72404,2.355713,2.089962,1.229028,1,benign,Preprocessed_Dataset/ddsm/ddsm_6677.jpg,train
2.28772,0.08191216,1.0107527,1.0421922,0,normal,Preprocessed_Dataset/ddsm/ddsm_256.jpg,train
1.8298218,2.9005218,1.285969,1.554545,0,normal,Preprocessed_Dataset/ddsm/ddsm_259.jpg,train
1.5880799,2.3595715,1.4515975,1.5750198,2,malignant,Preprocessed_Dataset/ddsm/ddsm_4603.jpg,train
1.7470229,0.8824495,2.5418165,1.1113424,2,malignant,Preprocessed_Dataset/ddsm/ddsm_4056.jpg,train
1.9764857,0.66159165,1.906536,1.5050023,0,normal,Preprocessed_Dataset/ddsm/ddsm_2288.jpg,train
0.3270645,1.5925298,1.8060626,1.5653,0,normal,Preprocessed_Dataset/kau-bcmd/kau-bcmd_48.jpg,train
0.17591083,1.1249993,1.4470555,1.9341221,2,malignant,Preprocessed_Dataset/cmmd/cmmd_4018.jpg,train
0.6163241,0.40466583,0.48254168,1.6622599,1,benign,Preprocessed_Dataset/inbreast/inbreast_384.jpg,train
0.8096546,2.6494281,0.8463242,0.30233586,0,normal,Preprocessed_Dataset/inbreast/inbreast_115.jpg,train
2.2709417,1.2711933,1.3111022,2.0653932,0,normal,Preprocessed_Dataset/ddsm/ddsm_2514.jpg,train
1.7782954,0.9671639,2.694584,1.7350246,0,normal,Preprocessed_Dataset/ddsm/ddsm_1304.jpg,train
0.70575076,0.9415713,1.9091705,2.4499311,0,normal,Preprocessed_Dataset/kau-bcmd/kau-bcmd_1624.jpg,train
0.2917226,1.0101722,1.4582663,2.2945423,2,malignant,Preprocessed_Dataset/cmmd/cmmd_4528.jpg,train
0.16708267,1.8898015,1.4999273,1.0598139,2,malignant,Preprocessed_Dataset/cmmd/cmmd_3317.jpg,train
2.263116,2.488974,1.6825691,2.555877,0,normal,Preprocessed_Dataset/ddsm/ddsm_1535.jpg,train
1.0304389,2.1351972,1.7937076,0.9616829,0,normal,Preprocessed_Dataset/kau-bcmd/kau-bcmd_722.jpg,train
0.044216156,1.7309872,1.4284741,1.3513242,2,malignant,Preprocessed_Dataset/cmmd/cmmd_1253.jpg,train
0.76146775,0.33377588,1.0094323,2.1787424,0,normal,Preprocessed_Dataset/inbreast/inbreast_234.jpg,train
1.063192,1.7760981,1.8114264,2.2743225,2,malignant,Preprocessed_Dataset/cdd-cesm/cdd-cesm_797.jpg,train
1.8262312,0.75589657,2.4284465,2.3819797,0,normal,Preprocessed_Dataset/ddsm/ddsm_88.jpg,train
0.01817429,1.6942043,1.6015197,1.3725315,2,malignant,Preprocessed_Dataset/cmmd/cmmd_858.jpg,train
2.3145752,0.67868817,1.2588472,0.6560532,1,benign,Preprocessed_Dataset/ddsm/ddsm_10012.jpg,train
0.45533657,1.9636348,1.7846951,0.9616303,2,malignant,Preprocessed_Dataset/cmmd/cmmd_3388.jpg,train
1.9629312,0.66388154,1.7891057,1.462447,0,normal,Preprocessed_Dataset/ddsm/ddsm_232.jpg,train
0.38254273,1.8720956,1.6364745,0.8883335,1,benign,Preprocessed_Dataset/cmmd/cmmd_1922.jpg,train
1.9568985,1.9564204,0.5959623,2.596852,1,benign,Preprocessed_Dataset/ddsm/ddsm_9983.jpg,train
0.90452754,2.5820072,1.1020393,0.9552685,0,normal,Preprocessed_Dataset/dmid/dmid_228.jpg,train
2.045082,0.22762287,1.133166,1.4540498,1,benign,Preprocessed_Dataset/ddsm/ddsm_7014.jpg,train
0.18074644,1.0588068,1.7310561,1.9928552,0,normal,Preprocessed_Dataset/kau-bcmd/kau-bcmd_982.jpg,train
0.16101205,1.8792384,1.2597883,1.2386189,2,malignant,Preprocessed_Dataset/cmmd/cmmd_1579.jpg,train
1.007101,0.65139776,1.313798,1.8362638,1,benign,Preprocessed_Dataset/inbreast/inbreast_43.jpg,train
1.8887386,2.3391843,1.6559286,1.9503635,2,malignant,Preprocessed_Dataset/ddsm/ddsm_5825.jpg,train
1.4342209,1.3316592,2.027254,2.04681,1,benign,Preprocessed_Dataset/ddsm/ddsm_6504.jpg,train
1.7226145,2.9852834,1.002112,1.0055132,0,normal,Preprocessed_Dataset/ddsm/ddsm_395.jpg,train
1.7926005,2.5332847,1.8334318,1.5842241,2,malignant,Preprocessed_Dataset/ddsm/ddsm_4615.jpg,train
1.5270232,2.3350053,1.3077406,2.1524653,1,benign,Preprocessed_Dataset/ddsm/ddsm_6811.jpg,train
0.20927882,1.8954967,1.5747077,1.0160532,2,malignant,Preprocessed_Dataset/cmmd/cmmd_1408.jpg,train
0.25214005,1.863612,1.7676519,0.8484341,2,malignant,Preprocessed_Dataset/cmmd/cmmd_3007.jpg,train
0.38862467,2.1726198,1.2729893,0.56959003,0,normal,Preprocessed_Dataset/dmid/dmid_461.jpg,train
0.9766178,1.437446,1.4285512,2.481617,0,normal,Preprocessed_Dataset/cdd-cesm/cdd-cesm_129.jpg,train
0.12994456,1.5431112,1.7398235,1.505675,1,benign,Preprocessed_Dataset/kau-bcmd/kau-bcmd_1307.jpg,train
1.8628731,2.811224,0.748971,1.6046782,0,normal,Preprocessed_Dataset/ddsm/ddsm_639.jpg,train
1.2562176,1.766104,1.2629784,2.0749044,0,normal,Preprocessed_Dataset/cdd-cesm/cdd-cesm_870.jpg,train
2.1706862,0.60848176,1.365911,1.1941378,1,benign,Preprocessed_Dataset/ddsm/ddsm_8646.jpg,train
0.2360189,1.8936619,1.5769094,0.8333512,2,malignant,Preprocessed_Dataset/cmmd/cmmd_2675.jpg,train
2.453255,0.83357066,1.7662282,2.102536,0,normal,Preprocessed_Dataset/ddsm/ddsm_1764.jpg,train
0.116529584,1.8270348,1.4903476,1.088186,2,malignant,Preprocessed_Dataset/cmmd/cmmd_889.jpg,train
1.7636702,0.82952267,2.0321388,1.5343914,1,benign,Preprocessed_Dataset/ddsm/ddsm_8540.jpg,train
0.054153204,1.7839104,1.5112331,1.327505,1,benign,Preprocessed_Dataset/cmmd/cmmd_354.jpg,train
1.8828752,2.5795505,1.2221596,2.2940304,2,malignant,Preprocessed_Dataset/ddsm/ddsm_4155.jpg,train
1.3969817,2.131291,0.6241514,1.2340184,1,benign,Preprocessed_Dataset/cdd-cesm/cdd-cesm_908.jpg,train
1.8426102,0.92872214,2.1224189,1.1642478,1,benign,Preprocessed_Dataset/ddsm/ddsm_10224.jpg,train
1.4664962,1.0445645,2.093403,2.4040961,0,normal,Preprocessed_Dataset/ddsm/ddsm_472.jpg,train
0.09445417,1.7888654,1.6827017,1.1817507,2,malignant,Preprocessed_Dataset/cmmd/cmmd_2799.jpg,train
1.3557041,1.349196,2.2049236,2.180215,1,benign,Preprocessed_Dataset/cdd-cesm/cdd-cesm_507.jpg,train
0.2676456,1.8098128,1.8360198,0.84380037,2,malignant,Preprocessed_Dataset/cmmd/cmmd_2938.jpg,train
1.9341335,2.9062178,1.0014772,1.4556824,0,normal,Preprocessed_Dataset/ddsm/ddsm_1407.jpg,train
0.022836208,1.2032443,1.7517021,1.5488499,0,normal,Preprocessed_Dataset/kau-bcmd/kau-bcmd_1898.jpg,train
0.22677088,0.85133386,1.2042669,1.4560695,1,benign,Preprocessed_Dataset/cmmd/cmmd_462.jpg,train
0.10647619,1.0586131,1.4726472,1.5445281,2,malignant,Preprocessed_Dataset/cmmd/cmmd_4308.jpg,train
1.5795002,0.71220165,1.2323856,3.0874958,1,benign,Preprocessed_Dataset/ddsm/ddsm_9520.jpg,train
1.3618846,2.6437802,2.3165934,0.0,0,normal,Preprocessed_Dataset/ddsm/ddsm_325.jpg,train
2.185495,2.837697,2.0474563,1.4621238,1,benign,Preprocessed_Dataset/ddsm/ddsm_7089.jpg,train
1.9221182,0.39846683,1.7943374,1.7354269,2,malignant,Preprocessed_Dataset/ddsm/ddsm_6382.jpg,train
0.8161602,0.8321788,1.4211987,2.0096672,0,normal,Preprocessed_Dataset/kau-bcmd/kau-bcmd_875.jpg,train
2.5399947,2.4034665,1.7479722,1.7533917,0,normal,Preprocessed_Dataset/ddsm/ddsm_2237.jpg,train
2.3116813,2.109752,1.7486522,2.1823516,1,benign,Preprocessed_Dataset/ddsm/ddsm_7905.jpg,train
0.13128078,0.95382565,1.5703808,1.4114646,2,malignant,Preprocessed_Dataset/cmmd/cmmd_2712.jpg,train
1.4896634,2.1699514,1.4395311,2.3308134,1,benign,Preprocessed_Dataset/ddsm/ddsm_7735.jpg,train
2.4748793,0.8103709,0.68686545,0.5339039,2,malignant,Preprocessed_Dataset/ddsm/ddsm_4282.jpg,train
1.7518153,2.6548057,0.6813611,2.0575466,0,normal,Preprocessed_Dataset/ddsm/ddsm_235.jpg,train
2.2773314,0.408386,0.5473925,0.83734643,1,benign,Preprocessed_Dataset/ddsm/ddsm_7534.jpg,train
1.574952,2.152793,3.141593,0.3018384,0,normal,Preprocessed_Dataset/ddsm/ddsm_733.jpg,train
0.15860665,1.8687993,1.4752707,0.9764559,0,normal,Preprocessed_Dataset/kau-bcmd/kau-bcmd_1099.jpg,train
0.3341061,2.0271204,1.5907059,0.5969622,0,normal,Preprocessed_Dataset/kau-bcmd/kau-bcmd_1716.jpg,train
1.6874075,2.2667315,2.2252135,1.5493939,1,benign,Preprocessed_Dataset/ddsm/ddsm_8781.jpg,train
1.9260421,0.96570045,2.2935894,2.123344,2,malignant,Preprocessed_Dataset/ddsm/ddsm_5572.jpg,train
0.9793833,1.5473552,1.2956156,2.111559,2,malignant,Preprocessed_Dataset/cdd-cesm/cdd-cesm_601.jpg,train
1.5967175,2.6587896,1.5355175,1.3162555,0,normal,Preprocessed_Dataset/ddsm/ddsm_1521.jpg,train
0.30366194,1.9198706,1.4444965,0.64145505,0,normal,Preprocessed_Dataset/kau-bcmd/kau-bcmd_918.jpg,train
2.5219517,0.4289645,1.11592,0.38507283,2,malignant,Preprocessed_Dataset/ddsm/ddsm_6310.jpg,train
1.4015616,1.4429432,0.63950557,3.141593,2,malignant,Preprocessed_Dataset/ddsm/ddsm_6188.jpg,train
0.08336842,1.7338258,1.8499943,1.2280979,2,malignant,Preprocessed_Dataset/cmmd/cmmd_1828.jpg,train
1.6150645,2.4201841,1.6770386,0.6503062,2,malignant,Preprocessed_Dataset/ddsm/ddsm_5613.jpg,train
0.16292441,1.9172416,1.5542146,1.0605798,2,malignant,Preprocessed_Dataset/cmmd/cmmd_347.jpg,train
1.4692534,2.7606032,0.7848901,0.82328165,2,malignant,Preprocessed_Dataset/ddsm/ddsm_6023.jpg,train
1.7284648,0.7354421,1.9391143,0.5884819,2,malignant,Preprocessed_Dataset/ddsm/ddsm_5996.jpg,train
0.8717625,2.534084,0.6744224,0.87205136,1,benign,Preprocessed_Dataset/inbreast/inbreast_300.jpg,train
1.7248431,2.691876,1.748071,1.3969305,0,normal,Preprocessed_Dataset/ddsm/ddsm_127.jpg,train
0.099636436,1.0541613,1.5477906,1.5627575,2,malignant,Preprocessed_Dataset/cmmd/cmmd_980.jpg,train
0.16924036,1.0154197,1.5846447,1.8532759,2,malignant,Preprocessed_Dataset/cmmd/cmmd_5186.jpg,train
0.2658378,1.5713849,1.9218814,1.4458681,1,benign,Preprocessed_Dataset/kau-bcmd/kau-bcmd_1463.jpg,train
1.4012072,2.0301027,1.3267708,1.9501425,1,benign,Preprocessed_Dataset/ddsm/ddsm_7949.jpg,train
2.2865744,0.7339832,1.2967772,1.5614192,1,benign,Preprocessed_Dataset/ddsm/ddsm_8850.jpg,train
0.39257205,1.0122,1.8479137,2.2477617,2,malignant,Preprocessed_Dataset/cmmd/cmmd_4745.jpg,train
2.0837536,2.9907675,1.9591819,1.5834286,0,normal,Preprocessed_Dataset/ddsm/ddsm_661.jpg,train
1.0673082,1.5415044,2.099229,2.0658207,2,malignant,Preprocessed_Dataset/cdd-cesm/cdd-cesm_627.jpg,train
1.0545224,1.387863,1.3311609,2.030977,0,normal,Preprocessed_Dataset/cdd-cesm/cdd-cesm_241.jpg,train
2.1131063,0.3598175,0.76379466,1.264576,1,benign,Preprocessed_Dataset/ddsm/ddsm_6946.jpg,train
1.8618042,2.7367802,1.6415356,2.3338354,0,normal,Preprocessed_Dataset/ddsm/ddsm_1137.jpg,train
1.5274872,2.4470675,1.0704944,1.4610265,0,normal,Preprocessed_Dataset/ddsm/ddsm_2679.jpg,train
1.9825883,2.386056,1.5732678,2.3809743,1,benign,Preprocessed_Dataset/ddsm/ddsm_8835.jpg,train
1.407942,2.298911,2.0753436,0.72574544,0,normal,Preprocessed_Dataset/ddsm/ddsm_2717.jpg,train
0.96775055,0.17324018,0.82726836,1.9867224,0,normal,Preprocessed_Dataset/inbreast/inbreast_208.jpg,train
1.1603158,1.6035429,2.240822,1.7850547,2,malignant,Preprocessed_Dataset/cdd-cesm/cdd-cesm_746.jpg,train
2.0395288,2.66886,2.0000591,2.0192933,0,normal,Preprocessed_Dataset/ddsm/ddsm_869.jpg,train
1.5968885,1.7237349,1.2536781,2.6988242,2,malignant,Preprocessed_Dataset/cdd-cesm/cdd-cesm_1001.jpg,train
2.2457178,0.7525156,1.6143667,0.4625703,2,malignant,Preprocessed_Dataset/ddsm/ddsm_3534.jpg,train
1.6604209,2.1201177,0.48434043,2.8892663,2,malignant,Preprocessed_Dataset/ddsm/ddsm_6419.jpg,train
0.63142955,1.1005231,2.174514,2.0782797,2,malignant,Preprocessed_Dataset/cmmd/cmmd_2103.jpg,train
2.028234,0.67734784,3.0523527,1.8491665,2,malignant,Preprocessed_Dataset/ddsm/ddsm_6308.jpg,train
1.0711781,1.5422693,1.6244726,1.1241999,2,malignant,Preprocessed_Dataset/cdd-cesm/cdd-cesm_731.jpg,train
0.21330762,1.0236398,1.638943,2.042301,0,normal,Preprocessed_Dataset/kau-bcmd/kau-bcmd_1663.jpg,train
1.9108956,0.59259856,2.2610416,1.9227062,0,normal,Preprocessed_Dataset/ddsm/ddsm_148.jpg,train
0.7033137,0.90919363,1.8897643,2.423279,0,normal,Preprocessed_Dataset/kau-bcmd/kau-bcmd_466.jpg,train
2.496894,2.6418138,1.194267,2.6657186,2,malignant,Preprocessed_Dataset/ddsm/ddsm_5751.jpg,train
1.0704991,1.6665051,2.284044,1.8316181,1,benign,Preprocessed_Dataset/cdd-cesm/cdd-cesm_465.jpg,train
0.48873806,2.113006,1.6688566,0.6358699,0,normal,Preprocessed_Dataset/kau-bcmd/kau-bcmd_2010.jpg,train
2.7874932,2.2352488,0.6315295,2.1457577,2,malignant,Preprocessed_Dataset/ddsm/ddsm_3419.jpg,train
1.6675901,2.453481,0.6492955,2.3145626,1,benign,Preprocessed_Dataset/ddsm/ddsm_7095.jpg,train
2.1963987,0.8713306,2.4156437,1.3883783,2,malignant,Preprocessed_Dataset/ddsm/ddsm_3676.jpg,train
1.2966092,2.0774794,1.3820965,2.1870818,1,benign,Preprocessed_Dataset/ddsm/ddsm_7579.jpg,train
2.218669,0.59707177,0.28788102,0.68217915,2,malignant,Preprocessed_Dataset/ddsm/ddsm_3842.jpg,train
1.4248009,2.1414108,2.2451768,1.3778648,1,benign,Preprocessed_Dataset/ddsm/ddsm_9693.jpg,train
1.6937519,0.7355028,1.861264,1.0545605,2,malignant,Preprocessed_Dataset/ddsm/ddsm_3128.jpg,train
0.071707726,1.513375,1.8057649,1.357037,1,benign,Preprocessed_Dataset/kau-bcmd/kau-bcmd_1621.jpg,train
0.22650146,1.0514685,1.7825718,2.0096946,2,malignant,Preprocessed_Dataset/cmmd/cmmd_5010.jpg,train
0.15103602,1.8910321,1.3604554,1.1088424,2,malignant,Preprocessed_Dataset/cmmd/cmmd_1225.jpg,train
1.9914398,2.0757577,2.1333375,1.5216417,2,malignant,Preprocessed_Dataset/ddsm/ddsm_6297.jpg,train
1.7513361,0.83548695,2.715621,1.5015254,0,normal,Preprocessed_Dataset/ddsm/ddsm_604.jpg,train
2.008724,2.7708545,0.99034,1.8513604,0,normal,Preprocessed_Dataset/ddsm/ddsm_1155.jpg,train
1.4564976,1.5274795,1.6409432,1.9933099,1,benign,Preprocessed_Dataset/cdd-cesm/cdd-cesm_210.jpg,train
0.42250228,0.9736323,1.5023104,2.0812905,2,malignant,Preprocessed_Dataset/cmmd/cmmd_4079.jpg,train
1.5398431,2.074225,2.4136064,1.2642267,0,normal,Preprocessed_Dataset/ddsm/ddsm_737.jpg,train
1.991461,2.3187134,2.4730976,1.3919088,0,normal,Preprocessed_Dataset/ddsm/ddsm_849.jpg,train
0.20096207,1.0217478,1.5441695,1.9062636,2,malignant,Preprocessed_Dataset/cmmd/cmmd_4134.jpg,train
1.9446824,1.4236621,3.1387098,1.7749991,0,normal,Preprocessed_Dataset/ddsm/ddsm_1440.jpg,train
0.20968997,1.8665261,1.6080431,0.9497791,1,benign,Preprocessed_Dataset/cmmd/cmmd_148.jpg,train
0.37765694,1.3695322,1.9923927,1.892073,0,normal,Preprocessed_Dataset/kau-bcmd/kau-bcmd_211.jpg,train
1.7342703,2.2905555,1.1194291,2.0146344,1,benign,Preprocessed_Dataset/ddsm/ddsm_6495.jpg,train
1.7963467,2.4845495,1.0158081,1.9759095,2,malignant,Preprocessed_Dataset/ddsm/ddsm_3519.jpg,train
0.46268457,1.8132999,2.2991362,0.8824488,1,benign,Preprocessed_Dataset/cmmd/cmmd_2388.jpg,train
0.11180925,1.8678435,1.6169784,1.1086808,0,normal,Preprocessed_Dataset/kau-bcmd/kau-bcmd_1712.jpg,train
0.14140701,1.5267141,1.847655,1.3675127,1,benign,Preprocessed_Dataset/kau-bcmd/kau-bcmd_1326.jpg,train
0.89882076,2.79425,1.1331351,0.19775307,1,benign,Preprocessed_Dataset/inbreast/inbreast_133.jpg,train
0.14346397,1.0886958,1.7036327,1.8306476,2,malignant,Preprocessed_Dataset/cmmd/cmmd_1874.jpg,train
0.11162031,1.8191597,1.5795382,1.0180233,0,normal,Preprocessed_Dataset/kau-bcmd/kau-bcmd_408.jpg,train
1.9164599,0.44483864,1.1681902,1.0421,1,benign,Preprocessed_Dataset/ddsm/ddsm_8210.jpg,train
1.5763309,0.99995685,2.5690107,2.5976443,0,normal,Preprocessed_Dataset/ddsm/ddsm_392.jpg,train
1.8830771,2.2007585,1.6892837,2.8723812,1,benign,Preprocessed_Dataset/ddsm/ddsm_8921.jpg,train
0.06465685,1.1727194,1.5932065,1.6922783,2,malignant,Preprocessed_Dataset/cmmd/cmmd_4335.jpg,train
0.95720553,2.549303,1.2184064,0.8490198,0,normal,Preprocessed_Dataset/dmid/dmid_156.jpg,train
0.22353649,1.4079225,1.8254911,1.9353077,0,normal,Preprocessed_Dataset/kau-bcmd/kau-bcmd_591.jpg,train
0.2937793,1.9325411,1.4466722,0.7383939,0,normal,Preprocessed_Dataset/kau-bcmd/kau-bcmd_1226.jpg,train
2.5093002,2.88822,0.7267463,2.781152,0,normal,Preprocessed_Dataset/ddsm/ddsm_2319.jpg,train
0.035090566,1.2265279,1.5586716,1.635966,2,malignant,Preprocessed_Dataset/cmmd/cmmd_3940.jpg,train
0.27780062,0.8647409,1.2967031,1.720325,2,malignant,Preprocessed_Dataset/cmmd/cmmd_4306.jpg,train
1.7089846,0.54444635,1.6442107,1.3905321,1,benign,Preprocessed_Dataset/ddsm/ddsm_7354.jpg,train
1.7654685,2.6478696,1.0063442,1.8817848,1,benign,Preprocessed_Dataset/ddsm/ddsm_8667.jpg,train
0.6201055,2.310265,1.3923261,0.6316176,1,benign,Preprocessed_Dataset/inbreast/inbreast_255.jpg,train
2.2987897,0.45200014,1.1188855,0.6312285,2,malignant,Preprocessed_Dataset/ddsm/ddsm_2782.jpg,train
2.1451888,3.1415927,0.9020482,1.4423392,0,normal,Preprocessed_Dataset/ddsm/ddsm_51.jpg,train
1.8667868,0.8025433,0.8085283,2.344604,2,malignant,Preprocessed_Dataset/ddsm/ddsm_2946.jpg,train
0.1629293,1.1610999,1.6541709,2.1362014,1,benign,Preprocessed_Dataset/cmmd/cmmd_2289.jpg,train
1.942738,2.3017066,1.6765944,2.2777987,1,benign,Preprocessed_Dataset/ddsm/ddsm_9087.jpg,train
2.2146978,0.4124434,0.8119038,0.88009435,0,normal,Preprocessed_Dataset/ddsm/ddsm_1030.jpg,train
1.6753938,0.9332364,1.9141947,0.90579474,2,malignant,Preprocessed_Dataset/ddsm/ddsm_4158.jpg,train
0.23798549,1.136068,1.7269908,2.27197,1,benign,Preprocessed_Dataset/cmmd/cmmd_1969.jpg,train
0.71510595,2.0178747,1.8405377,0.8262654,0,normal,Preprocessed_Dataset/kau-bcmd/kau-bcmd_1697.jpg,train
2.7707124,0.4549173,0.65774256,0.3847885,0,normal,Preprocessed_Dataset/ddsm/ddsm_1134.jpg,train
0.084059715,1.0771495,1.3780168,1.3736337,2,malignant,Preprocessed_Dataset/cmmd/cmmd_344.jpg,train
1.9883006,2.1087008,2.6200569,1.3296543,0,normal,Preprocessed_Dataset/ddsm/ddsm_1769.jpg,train
1.0944467,1.4465624,1.7279358,0.59339476,0,normal,Preprocessed_Dataset/cdd-cesm/cdd-cesm_579.jpg,train
0.6782794,2.4992123,0.9093134,0.84952486,0,normal,Preprocessed_Dataset/dmid/dmid_264.jpg,train
0.2006123,1.1176635,1.6632327,2.1629803,2,malignant,Preprocessed_Dataset/cmmd/cmmd_5050.jpg,train
2.1304326,2.192266,0.80996925,3.0533695,1,benign,Preprocessed_Dataset/ddsm/ddsm_10111.jpg,train
0.1595937,2.0112102,1.3008193,1.0841284,2,malignant,Preprocessed_Dataset/cmmd/cmmd_3008.jpg,train
0.24634016,1.370209,1.8331975,1.8563597,0,normal,Preprocessed_Dataset/kau-bcmd/kau-bcmd_22.jpg,train
1.5972018,0.63509715,1.5120208,1.5370135,2,malignant,Preprocessed_Dataset/ddsm/ddsm_3846.jpg,train
2.0852776,0.5142287,1.5275762,0.66887784,2,malignant,Preprocessed_Dataset/ddsm/ddsm_5238.jpg,train
1.157001,0.48224807,1.3501637,1.4848915,2,malignant,Preprocessed_Dataset/ddsm/ddsm_2908.jpg,train
0.15889072,1.9328315,1.290247,1.1915886,2,malignant,Preprocessed_Dataset/cmmd/cmmd_1456.jpg,train
1.1096138,1.1603112,2.198421,1.9335597,0,normal,Preprocessed_Dataset/kau-bcmd/kau-bcmd_1779.jpg,train
1.1746074,0.4325124,1.0718156,2.0390053,0,normal,Preprocessed_Dataset/dmid/dmid_377.jpg,train
0.23174238,0.9023787,1.4883463,1.99238,2,malignant,Preprocessed_Dataset/cmmd/cmmd_4743.jpg,train
0.36596715,1.0049813,1.8660808,2.2065287,0,normal,Preprocessed_Dataset/kau-bcmd/kau-bcmd_2150.jpg,train
1.0279132,1.7811669,1.7254333,1.43588,2,malignant,Preprocessed_Dataset/cdd-cesm/cdd-cesm_960.jpg,train
1.4690957,0.7703211,2.058825,1.0274485,0,normal,Preprocessed_Dataset/ddsm/ddsm_2172.jpg,train
2.569718,0.531278,0.89118534,0.4919845,1,benign,Preprocessed_Dataset/ddsm/ddsm_10054.jpg,train
1.4033391,2.3644218,1.9562109,1.6126436,1,benign,Preprocessed_Dataset/ddsm/ddsm_9421.jpg,train
2.0216963,2.6178937,0.8462633,2.168187,0,normal,Preprocessed_Dataset/ddsm/ddsm_1291.jpg,train
0.92822504,2.2647243,0.33959424,0.8379643,2,malignant,Preprocessed_Dataset/ddsm/ddsm_4917.jpg,train
2.106912,0.52364004,1.4545195,1.1985147,1,benign,Preprocessed_Dataset/ddsm/ddsm_8250.jpg,train
2.3218622,2.729066,0.8423951,2.1807663,0,normal,Preprocessed_Dataset/ddsm/ddsm_1975.jpg,train
1.9904077,1.3298523,2.0716093,1.6698236,2,malignant,Preprocessed_Dataset/ddsm/ddsm_3392.jpg,train
0.4255973,1.0182595,1.4538497,2.3825722,0,normal,Preprocessed_Dataset/kau-bcmd/kau-bcmd_1361.jpg,train
2.2779331,1.305584,2.0462658,2.20526,0,normal,Preprocessed_Dataset/ddsm/ddsm_2000.jpg,train
1.2922082,2.31848,0.77250826,1.8891542,1,benign,Preprocessed_Dataset/ddsm/ddsm_9675.jpg,train
2.2952156,2.151339,2.2895842,1.762771,0,normal,Preprocessed_Dataset/ddsm/ddsm_1993.jpg,train
1.9203701,2.2493715,1.3603667,2.3444808,1,benign,Preprocessed_Dataset/ddsm/ddsm_6975.jpg,train
1.0982126,0.7128208,1.7995094,2.3357472,0,normal,Preprocessed_Dataset/kau-bcmd/kau-bcmd_1743.jpg,train
0.11148095,1.1053822,1.4329123,1.7228521,2,malignant,Preprocessed_Dataset/cmmd/cmmd_3640.jpg,train
2.4809475,1.040023,3.0729976,1.8483088,0,normal,Preprocessed_Dataset/ddsm/ddsm_1572.jpg,train
0.29957724,1.8370804,1.7488087,0.79498553,2,malignant,Preprocessed_Dataset/cmmd/cmmd_3014.jpg,train
0.3661167,1.1125317,1.4189289,2.221252,0,normal,Preprocessed_Dataset/kau-bcmd/kau-bcmd_1289.jpg,train
1.8578482,2.1554697,1.8076648,2.3025262,1,benign,Preprocessed_Dataset/ddsm/ddsm_7149.jpg,train
2.6601367,0.1480627,1.5691142,0.61730313,2,malignant,Preprocessed_Dataset/ddsm/ddsm_5322.jpg,train
1.5380306,2.4787662,0.35327637,2.0639944,2,malignant,Preprocessed_Dataset/ddsm/ddsm_4711.jpg,train
1.7763057,0.36979043,1.7691178,1.0316602,0,normal,Preprocessed_Dataset/ddsm/ddsm_2764.jpg,train
1.7508969,0.93560517,2.55478,1.8921638,1,benign,Preprocessed_Dataset/ddsm/ddsm_7640.jpg,train
2.0955496,0.5169277,1.7215331,2.100467,1,benign,Preprocessed_Dataset/ddsm/ddsm_8292.jpg,train
1.6006594,0.8952269,2.1936243,0.9547066,2,malignant,Preprocessed_Dataset/ddsm/ddsm_4328.jpg,train
1.8757124,2.273922,1.5504924,2.0483346,1,benign,Preprocessed_Dataset/ddsm/ddsm_10317.jpg,train
0.26700348,1.8242892,1.6048532,0.6762362,0,normal,Preprocessed_Dataset/kau-bcmd/kau-bcmd_1115.jpg,train
2.234352,2.53686,1.2027615,2.4833255,0,normal,Preprocessed_Dataset/ddsm/ddsm_1531.jpg,train
1.9075679,0.68440866,1.0722357,0.8304863,2,malignant,Preprocessed_Dataset/ddsm/ddsm_2934.jpg,train
1.9847401,1.2573575,2.613002,1.6623197,1,benign,Preprocessed_Dataset/ddsm/ddsm_8116.jpg,train
1.4200397,1.4075785,1.6814157,2.1146517,1,benign,Preprocessed_Dataset/ddsm/ddsm_8236.jpg,train
0.7932699,1.132786,1.8951527,1.9959958,2,malignant,Preprocessed_Dataset/kau-bcmd/kau-bcmd_819.jpg,train
1.8829377,2.582757,0.13170218,1.0618685,0,normal,Preprocessed_Dataset/ddsm/ddsm_1379.jpg,train
0.15977943,1.1141213,1.4936355,2.0341647,0,normal,Preprocessed_Dataset/kau-bcmd/kau-bcmd_323.jpg,train
1.7343369,1.1716232,2.310142,1.8845897,0,normal,Preprocessed_Dataset/ddsm/ddsm_292.jpg,train
0.18216753,1.0312016,1.5468909,1.7958314,2,malignant,Preprocessed_Dataset/cmmd/cmmd_3883.jpg,train
2.4997394,0.7569563,0.456707,1.0153565,0,normal,Preprocessed_Dataset/ddsm/ddsm_1034.jpg,train
0.20416832,1.1074072,1.5423371,2.1473413,2,malignant,Preprocessed_Dataset/cmmd/cmmd_5155.jpg,train
1.76634,2.4259684,2.199337,1.4278514,0,normal,Preprocessed_Dataset/ddsm/ddsm_1817.jpg,train
2.1822186,0.2893411,1.4301727,1.0752933,1,benign,Preprocessed_Dataset/ddsm/ddsm_10086.jpg,train
1.9145064,0.7694825,2.2982388,1.3519766,1,benign,Preprocessed_Dataset/ddsm/ddsm_9728.jpg,train
0.48405695,0.9650941,1.5194187,2.3520367,0,normal,Preprocessed_Dataset/kau-bcmd/kau-bcmd_1548.jpg,train
0.07278657,1.1338327,1.6811746,1.728342,0,normal,Preprocessed_Dataset/kau-bcmd/kau-bcmd_507.jpg,train
0.43955648,2.1465573,1.5223542,0.54616797,0,normal,Preprocessed_Dataset/kau-bcmd/kau-bcmd_1430.jpg,train
1.4450657,1.3274119,1.6103095,1.5519044,2,malignant,Preprocessed_Dataset/cdd-cesm/cdd-cesm_300.jpg,train
1.6962605,2.628182,0.7128199,2.1977654,0,normal,Preprocessed_Dataset/ddsm/ddsm_803.jpg,train
1.5607024,2.2660608,2.0873373,1.5247911,1,benign,Preprocessed_Dataset/ddsm/ddsm_7213.jpg,train
1.8805889,2.2874079,1.3818614,1.6452547,1,benign,Preprocessed_Dataset/ddsm/ddsm_6681.jpg,train
0.15729094,1.8516043,1.7175528,0.91315067,0,normal,Preprocessed_Dataset/kau-bcmd/kau-bcmd_1740.jpg,train
1.8232114,1.1212234,2.3006053,2.0308113,0,normal,Preprocessed_Dataset/ddsm/ddsm_384.jpg,train
1.9914209,1.129077,2.337942,1.9695923,0,normal,Preprocessed_Dataset/ddsm/ddsm_1364.jpg,train
0.03505063,1.7677183,1.4783152,1.520199,0,normal,Preprocessed_Dataset/kau-bcmd/kau-bcmd_1379.jpg,train
1.8787446,2.4134183,2.7898755,0.7746319,2,malignant,Preprocessed_Dataset/ddsm/ddsm_3713.jpg,train
0.07352328,1.7404675,1.5356494,1.1079028,1,benign,Preprocessed_Dataset/cmmd/cmmd_1921.jpg,train
1.2634368,1.3449994,1.8637377,1.0911243,1,benign,Preprocessed_Dataset/cdd-cesm/cdd-cesm_7.jpg,train
0.2276231,1.5467596,1.8030349,1.4733802,0,normal,Preprocessed_Dataset/kau-bcmd/kau-bcmd_593.jpg,train
1.7386132,0.38582504,0.67538697,1.5323149,1,benign,Preprocessed_Dataset/ddsm/ddsm_6670.jpg,train
0.13710487,1.0419202,1.4772341,1.7094196,2,malignant,Preprocessed_Dataset/cmmd/cmmd_3856.jpg,train
1.6580228,0.45286882,1.5466604,1.2968305,1,benign,Preprocessed_Dataset/ddsm/ddsm_10220.jpg,train
0.590751,1.8306543,1.995902,1.0774497,2,malignant,Preprocessed_Dataset/cmmd/cmmd_3130.jpg,train
2.0443258,0.5299281,2.0883613,0.7360173,2,malignant,Preprocessed_Dataset/ddsm/ddsm_6080.jpg,train
1.5063405,1.1457596,2.2105453,2.7835164,1,benign,Preprocessed_Dataset/dmid/dmid_124.jpg,train
0.24981177,1.8744655,1.2926273,0.7917973,2,malignant,Preprocessed_Dataset/cmmd/cmmd_1255.jpg,train
0.16627884,1.817308,1.7513767,0.8669224,0,normal,Preprocessed_Dataset/kau-bcmd/kau-bcmd_2030.jpg,train
1.634782,2.2361774,2.550599,1.1613708,1,benign,Preprocessed_Dataset/ddsm/ddsm_6953.jpg,train
2.5501208,0.5311104,1.496603,0.5453751,2,malignant,Preprocessed_Dataset/ddsm/ddsm_3242.jpg,train
1.7414322,2.0715194,2.5429726,1.1246423,0,normal,Preprocessed_Dataset/ddsm/ddsm_789.jpg,train
2.2321324,0.46188533,1.4584856,0.70428276,0,normal,Preprocessed_Dataset/ddsm/ddsm_886.jpg,train
0.3257622,1.9838125,1.4168037,0.8490018,2,malignant,Preprocessed_Dataset/cmmd/cmmd_3508.jpg,train
0.44158632,0.7447593,1.2676431,1.9974043,2,malignant,Preprocessed_Dataset/cmmd/cmmd_3744.jpg,train
2.1801074,1.0428488,1.9896373,1.928163,1,benign,Preprocessed_Dataset/ddsm/ddsm_7464.jpg,train
0.1341815,1.048768,1.7026179,1.776129,0,normal,Preprocessed_Dataset/kau-bcmd/kau-bcmd_1176.jpg,train
1.161618,1.4290875,0.74271214,2.5146403,2,malignant,Preprocessed_Dataset/cdd-cesm/cdd-cesm_801.jpg,train
1.7436377,0.9399611,1.5113884,0.5201779,2,malignant,Preprocessed_Dataset/ddsm/ddsm_5254.jpg,train
2.1097114,2.6128259,1.8754838,2.1102445,0,normal,Preprocessed_Dataset/ddsm/ddsm_513.jpg,train
0.13227439,1.9321306,1.3749882,1.1215513,2,malignant,Preprocessed_Dataset/cmmd/cmmd_1460.jpg,train
1.7727311,0.39180124,0.65842825,1.8647506,0,normal,Preprocessed_Dataset/ddsm/ddsm_1766.jpg,train
1.1128224,1.376066,2.1166334,2.2101226,1,benign,Preprocessed_Dataset/cdd-cesm/cdd-cesm_362.jpg,train
1.034396,1.3888283,2.0008218,2.0982955,0,normal,Preprocessed_Dataset/cdd-cesm/cdd-cesm_242.jpg,train
1.8255644,2.0792751,2.0256867,1.1274533,1,benign,Preprocessed_Dataset/ddsm/ddsm_8625.jpg,train
2.426038,0.47039402,1.1816828,0.8248015,1,benign,Preprocessed_Dataset/ddsm/ddsm_8650.jpg,train
1.791998,0.51247287,0.81436527,1.5622393,1,benign,Preprocessed_Dataset/ddsm/ddsm_7166.jpg,train
2.1993003,0.3692317,0.594087,0.62825316,1,benign,Preprocessed_Dataset/ddsm/ddsm_10114.jpg,train
0.14159536,1.8035121,1.6094884,0.9847927,2,malignant,Preprocessed_Dataset/cmmd/cmmd_57.jpg,train
1.7124265,0.7510851,1.6504267,1.3474959,2,malignant,Preprocessed_Dataset/ddsm/ddsm_3954.jpg,train
1.4161949,0.9728434,2.210808,1.376575,0,normal,Preprocessed_Dataset/kau-bcmd/kau-bcmd_1961.jpg,train
0.23101461,1.7842121,1.7518114,0.83734286,2,malignant,Preprocessed_Dataset/cmmd/cmmd_2707.jpg,train
1.854881,0.497882,1.4788529,1.886543,2,malignant,Preprocessed_Dataset/ddsm/ddsm_3306.jpg,train
1.8457643,1.2548383,2.215188,1.7646761,0,normal,Preprocessed_Dataset/ddsm/ddsm_124.jpg,train
1.7248694,1.6400313,1.6064444,0.89398503,1,benign,Preprocessed_Dataset/cdd-cesm/cdd-cesm_539.jpg,train
1.3351414,2.43687,0.7881543,1.2390927,1,benign,Preprocessed_Dataset/ddsm/ddsm_10255.jpg,train
1.4290879,2.1060781,2.0884817,1.3879668,0,normal,Preprocessed_Dataset/ddsm/ddsm_1393.jpg,train
1.4894589,2.3071303,1.8661983,1.0233802,1,benign,Preprocessed_Dataset/ddsm/ddsm_8289.jpg,train
0.44613105,0.9137195,1.5017017,2.3302326,0,normal,Preprocessed_Dataset/kau-bcmd/kau-bcmd_49.jpg,train
1.7494985,2.3147392,1.425431,2.496624,1,benign,Preprocessed_Dataset/ddsm/ddsm_9459.jpg,train
2.3217998,2.0841932,1.7821772,1.8451617,1,benign,Preprocessed_Dataset/ddsm/ddsm_7369.jpg,train
1.464504,0.16461134,1.0778775,2.1748884,1,benign,Preprocessed_Dataset/inbreast/inbreast_277.jpg,train
0.39227426,1.0205324,1.65591,2.4627943,0,normal,Preprocessed_Dataset/kau-bcmd/kau-bcmd_1903.jpg,train
2.716659,0.50657535,1.4401664,0.7456141,1,benign,Preprocessed_Dataset/ddsm/ddsm_9502.jpg,train
2.4989243,0.30833864,1.5685296,0.6711452,0,normal,Preprocessed_Dataset/ddsm/ddsm_66.jpg,train
1.3362329,1.9833677,2.1772404,1.2688652,1,benign,Preprocessed_Dataset/ddsm/ddsm_7617.jpg,train
0.4337098,0.9879718,1.9620733,2.305881,1,benign,Preprocessed_Dataset/cmmd/cmmd_4453.jpg,train
0.08596897,1.0896759,1.427008,1.5372024,1,benign,Preprocessed_Dataset/cmmd/cmmd_30.jpg,train
1.7759845,0.97899795,0.4306569,0.8758946,2,malignant,Preprocessed_Dataset/ddsm/ddsm_2998.jpg,train
0.24009824,1.0866454,1.783111,2.1697652,2,malignant,Preprocessed_Dataset/cmmd/cmmd_4560.jpg,train
1.6970835,1.3591974,2.1799042,0.6905803,2,malignant,Preprocessed_Dataset/cdd-cesm/cdd-cesm_844.jpg,train
0.016304255,1.7083169,1.777131,1.4003079,0,normal,Preprocessed_Dataset/kau-bcmd/kau-bcmd_129.jpg,train
2.1827521,0.37308514,1.4204938,1.3882409,0,normal,Preprocessed_Dataset/ddsm/ddsm_1406.jpg,train
0.1438191,1.5403681,1.7230809,1.4610633,0,normal,Preprocessed_Dataset/kau-bcmd/kau-bcmd_1143.jpg,train
2.234694,0.05135882,0.5802183,1.3953881,2,malignant,Preprocessed_Dataset/ddsm/ddsm_3410.jpg,train
1.9979992,2.1184263,1.4615676,2.3600504,2,malignant,Preprocessed_Dataset/ddsm/ddsm_5967.jpg,train
2.2921953,0.66219705,1.1417804,0.5890809,0,normal,Preprocessed_Dataset/ddsm/ddsm_2482.jpg,train
1.34538,2.5321422,2.0510335,0.31353545,2,malignant,Preprocessed_Dataset/ddsm/ddsm_3245.jpg,train
1.2492446,1.5028001,1.8843434,1.0583956,2,malignant,Preprocessed_Dataset/cdd-cesm/cdd-cesm_676.jpg,train
1.8141315,3.0180826,0.38724458,1.0748521,2,malignant,Preprocessed_Dataset/ddsm/ddsm_3131.jpg,train
2.2308173,2.568637,1.3983588,2.685858,0,normal,Preprocessed_Dataset/ddsm/ddsm_1235.jpg,train
0.49732357,2.1118379,1.3775765,0.5555543,0,normal,Preprocessed_Dataset/kau-bcmd/kau-bcmd_809.jpg,train
0.69432056,1.538626,2.431754,1.424392,1,benign,Preprocessed_Dataset/cdd-cesm/cdd-cesm_313.jpg,train
2.2615144,2.757566,1.9238559,2.2406988,0,normal,Preprocessed_Dataset/ddsm/ddsm_1481.jpg,train
0.33963335,2.0325832,1.3939257,0.7806358,1,benign,Preprocessed_Dataset/cmmd/cmmd_2147.jpg,train
1.587954,2.158471,1.4779471,0.90149444,1,benign,Preprocessed_Dataset/ddsm/ddsm_7753.jpg,train
1.7929943,2.6505046,1.0338389,1.837647,1,benign,Preprocessed_Dataset/ddsm/ddsm_8311.jpg,train
1.6703912,0.67423743,0.36617327,1.529704,1,benign,Preprocessed_Dataset/ddsm/ddsm_9626.jpg,train
0.33020735,0.8772002,1.4243128,1.9512572,2,malignant,Preprocessed_Dataset/cmmd/cmmd_3719.jpg,train
0.2104863,0.97258836,1.3457013,1.8095651,0,normal,Preprocessed_Dataset/kau-bcmd/kau-bcmd_2170.jpg,train
0.21496701,0.9938713,1.667,1.9861312,0,normal,Preprocessed_Dataset/kau-bcmd/kau-bcmd_1826.jpg,train
1.9937387,0.92259556,2.4311337,1.2329628,2,malignant,Preprocessed_Dataset/ddsm/ddsm_4156.jpg,train
0.41146827,0.84742177,1.5269613,2.164422,0,normal,Preprocessed_Dataset/kau-bcmd/kau-bcmd_531.jpg,train
1.9273267,1.3217578,2.5021915,1.7340034,1,benign,Preprocessed_Dataset/ddsm/ddsm_10056.jpg,train
2.5171878,0.70272994,0.67166805,0.56815946,2,malignant,Preprocessed_Dataset/ddsm/ddsm_6322.jpg,train
0.14114499,1.0602221,1.4807007,1.777638,2,malignant,Preprocessed_Dataset/cmmd/cmmd_251.jpg,train
0.47187603,1.0717586,1.705513,2.4844272,0,normal,Preprocessed_Dataset/kau-bcmd/kau-bcmd_1217.jpg,train
0.07717788,1.7947434,1.5621455,1.20836,2,malignant,Preprocessed_Dataset/cmmd/cmmd_1144.jpg,train
1.8536465,2.2072158,2.1108394,1.4703097,2,malignant,Preprocessed_Dataset/ddsm/ddsm_4169.jpg,train
0.75853455,0.9351934,1.5878491,2.639275,0,normal,Preprocessed_Dataset/kau-bcmd/kau-bcmd_986.jpg,train
1.5638282,0.3979771,1.6676921,1.4113116,1,benign,Preprocessed_Dataset/dmid/dmid_27.jpg,train
1.7957861,2.04113,1.94237,1.8938837,1,benign,Preprocessed_Dataset/ddsm/ddsm_9893.jpg,train
1.6941391,1.0378594,2.681942,2.039168,2,malignant,Preprocessed_Dataset/ddsm/ddsm_4224.jpg,train
1.3613826,2.0571947,2.126071,1.3202952,1,benign,Preprocessed_Dataset/ddsm/ddsm_7785.jpg,train
1.9582825,2.8821964,0.7262135,1.8595049,0,normal,Preprocessed_Dataset/ddsm/ddsm_503.jpg,train
0.12290406,1.039623,1.4846332,1.6542298,2,malignant,Preprocessed_Dataset/cmmd/cmmd_4364.jpg,train
1.9463463,0.6591674,2.536824,1.6637479,1,benign,Preprocessed_Dataset/ddsm/ddsm_7208.jpg,train
1.5897748,1.1097515,2.2425451,1.6220028,1,benign,Preprocessed_Dataset/ddsm/ddsm_8200.jpg,train
2.313088,2.4829347,1.1604437,2.6130316,2,malignant,Preprocessed_Dataset/ddsm/ddsm_6231.jpg,train
1.9665375,0.9137202,1.4465584,1.5689791,0,normal,Preprocessed_Dataset/ddsm/ddsm_180.jpg,train
0.34272557,1.8676832,2.0119975,0.76133335,2,malignant,Preprocessed_Dataset/cmmd/cmmd_3040.jpg,train
0.2090435,1.8586352,1.6068957,0.85834616,1,benign,Preprocessed_Dataset/cmmd/cmmd_2349.jpg,train
1.566465,2.112897,2.464355,1.2450004,0,normal,Preprocessed_Dataset/ddsm/ddsm_2409.jpg,train
0.17211974,1.0140667,1.5829978,1.9094598,1,benign,Preprocessed_Dataset/cmmd/cmmd_2411.jpg,train
0.14285779,1.9376684,1.4190679,1.1053922,1,benign,Preprocessed_Dataset/cmmd/cmmd_404.jpg,train
1.7911634,2.7242832,1.1403694,1.3455752,0,normal,Preprocessed_Dataset/ddsm/ddsm_1109.jpg,train
2.2954013,0.4201746,1.1487529,0.94355357,1,benign,Preprocessed_Dataset/ddsm/ddsm_10018.jpg,train
0.37278527,2.0218575,1.7113371,0.61901605,0,normal,Preprocessed_Dataset/kau-bcmd/kau-bcmd_1995.jpg,train
1.4873636,2.1395411,2.1726468,1.6251799,0,normal,Preprocessed_Dataset/ddsm/ddsm_2553.jpg,train
0.541108,1.8980501,1.5093226,0.81600565,1,benign,Preprocessed_Dataset/cmmd/cmmd_613.jpg,train
2.2444134,0.5941839,2.3332772,1.4959632,0,normal,Preprocessed_Dataset/ddsm/ddsm_1548.jpg,train
1.5454293,2.4357393,2.3527331,0.6354442,0,normal,Preprocessed_Dataset/ddsm/ddsm_1377.jpg,train
0.2515012,1.8397404,1.6121131,0.7413461,2,malignant,Preprocessed_Dataset/cmmd/cmmd_1660.jpg,train
0.31269783,0.8974711,1.1594584,1.7442085,0,normal,Preprocessed_Dataset/kau-bcmd/kau-bcmd_771.jpg,train
0.20625997,1.4106225,1.8808107,1.9591115,0,normal,Preprocessed_Dataset/kau-bcmd/kau-bcmd_21.jpg,train
3.1415925,0.3954612,0.7432269,0.35020673,2,malignant,Preprocessed_Dataset/ddsm/ddsm_3682.jpg,train
1.8337367,0.81576884,2.4430995,0.97148055,2,malignant,Preprocessed_Dataset/ddsm/ddsm_3896.jpg,train
2.626586,0.66000664,1.005796,0.088297844,1,benign,Preprocessed_Dataset/ddsm/ddsm_10042.jpg,train
0.09147525,1.5203322,1.8774278,1.325961,1,benign,Preprocessed_Dataset/kau-bcmd/kau-bcmd_55.jpg,train
0.2697162,1.0170891,1.7002919,2.0813708,1,benign,Preprocessed_Dataset/cmmd/cmmd_2227.jpg,train
2.3013403,0.827507,1.7388239,0.88866633,2,malignant,Preprocessed_Dataset/ddsm/ddsm_3416.jpg,train
2.0049973,2.6879992,0.8867275,2.4822114,1,benign,Preprocessed_Dataset/ddsm/ddsm_8239.jpg,train
0.79341626,1.049134,1.9281424,2.1518788,2,malignant,Preprocessed_Dataset/cmmd/cmmd_4783.jpg,train
0.56550556,1.3807124,2.0440187,1.8539495,1,benign,Preprocessed_Dataset/kau-bcmd/kau-bcmd_596.jpg,train
0.22570539,1.0659814,1.7935119,2.113792,0,normal,Preprocessed_Dataset/kau-bcmd/kau-bcmd_274.jpg,train
1.6510434,2.285053,1.3921396,2.1279962,1,benign,Preprocessed_Dataset/ddsm/ddsm_8039.jpg,train
2.0908337,0.5472185,1.8238976,0.8320525,1,benign,Preprocessed_Dataset/ddsm/ddsm_8518.jpg,train
0.4925627,0.94798756,1.7209024,2.3572962,0,normal,Preprocessed_Dataset/kau-bcmd/kau-bcmd_1683.jpg,train
2.447697,0.20585132,1.9763842,0.22891593,2,malignant,Preprocessed_Dataset/ddsm/ddsm_4424.jpg,train
0.26662028,1.0336092,1.6802831,2.169993,1,benign,Preprocessed_Dataset/cmmd/cmmd_2338.jpg,train
0.040320396,1.2139349,1.6552453,1.650682,1,benign,Preprocessed_Dataset/cmmd/cmmd_186.jpg,train
0.6175311,1.6103797,2.0340767,1.5890924,1,benign,Preprocessed_Dataset/kau-bcmd/kau-bcmd_529.jpg,train
1.59123,1.1758131,1.3573976,1.0078324,2,malignant,Preprocessed_Dataset/cdd-cesm/cdd-cesm_467.jpg,train
1.2994542,1.7030649,2.8009546,1.2928369,0,normal,Preprocessed_Dataset/cdd-cesm/cdd-cesm_213.jpg,train
1.0544153,0.80139875,1.8819127,2.8301587,2,malignant,Preprocessed_Dataset/ddsm/ddsm_5348.jpg,train
1.7735428,2.904838,0.82544017,1.1708089,2,malignant,Preprocessed_Dataset/ddsm/ddsm_4995.jpg,train
1.6052158,2.3485398,2.0445,1.6800741,1,benign,Preprocessed_Dataset/ddsm/ddsm_7109.jpg,train
2.129332,2.583365,0.8884544,2.1281772,1,benign,Preprocessed_Dataset/ddsm/ddsm_9187.jpg,train
0.27464187,1.3969883,1.7354606,1.9510772,1,benign,Preprocessed_Dataset/kau-bcmd/kau-bcmd_691.jpg,train
1.4787502,1.2061709,2.682997,1.7777158,2,malignant,Preprocessed_Dataset/ddsm/ddsm_3956.jpg,train
0.44294173,0.99683243,1.6830735,2.325357,1,benign,Preprocessed_Dataset/cmmd/cmmd_2263.jpg,train
0.70082295,0.9123862,2.0030057,2.351737,0,normal,Preprocessed_Dataset/kau-bcmd/kau-bcmd_26.jpg,train
1.4405644,1.5485517,2.5140142,0.7728477,0,normal,Preprocessed_Dataset/cdd-cesm/cdd-cesm_947.jpg,train
2.1438787,2.5343611,1.419734,2.4023447,1,benign,Preprocessed_Dataset/ddsm/ddsm_9371.jpg,train
0.81274533,0.6223624,1.654775,2.624966,0,normal,Preprocessed_Dataset/dmid/dmid_237.jpg,train
0.4662621,1.0503194,1.7052643,2.452309,0,normal,Preprocessed_Dataset/kau-bcmd/kau-bcmd_836.jpg,train
0.579651,1.9396434,1.6596804,0.66801006,0,normal,Preprocessed_Dataset/kau-bcmd/kau-bcmd_469.jpg,train
1.8209245,0.41864026,0.37011182,2.3965974,2,malignant,Preprocessed_Dataset/ddsm/ddsm_3814.jpg,train
1.7352567,1.3313279,2.6696694,1.3646345,1,benign,Preprocessed_Dataset/ddsm/ddsm_7316.jpg,train
1.5401635,1.5792724,2.7443898,1.3118448,1,benign,Preprocessed_Dataset/ddsm/ddsm_9268.jpg,train
0.65161407,0.86403936,1.2855885,2.2090185,0,normal,Preprocessed_Dataset/kau-bcmd/kau-bcmd_639.jpg,train
1.6772693,2.3800945,2.7486835,0.44325018,0,normal,Preprocessed_Dataset/ddsm/ddsm_545.jpg,train
2.2534983,0.28128886,1.0829222,0.9107655,0,normal,Preprocessed_Dataset/ddsm/ddsm_2070.jpg,train
2.0447984,0.9292001,0.57746506,0.6768504,1,benign,Preprocessed_Dataset/ddsm/ddsm_7866.jpg,train
0.2557314,1.8306506,1.7157724,0.6767722,1,benign,Preprocessed_Dataset/cmmd/cmmd_2330.jpg,train
2.2026126,1.1960037,2.616136,1.3508759,1,benign,Preprocessed_Dataset/ddsm/ddsm_8964.jpg,train
1.4715956,2.0111353,2.024319,1.4595256,1,benign,Preprocessed_Dataset/ddsm/ddsm_6741.jpg,train
0.52817327,0.80228776,1.2910296,1.9904685,2,malignant,Preprocessed_Dataset/cmmd/cmmd_4076.jpg,train
0.28665674,1.920482,1.6382958,0.7146252,0,normal,Preprocessed_Dataset/kau-bcmd/kau-bcmd_1030.jpg,train
0.15895677,1.8255364,1.4585268,1.0547783,2,malignant,Preprocessed_Dataset/cmmd/cmmd_2627.jpg,train
0.18122149,1.771496,1.4209324,0.9695701,2,malignant,Preprocessed_Dataset/cmmd/cmmd_1416.jpg,train
1.9100726,2.5104399,0.78559893,2.3310504,0,normal,Preprocessed_Dataset/ddsm/ddsm_2483.jpg,train
1.9446391,2.330442,2.3275445,1.2222557,0,normal,Preprocessed_Dataset/ddsm/ddsm_321.jpg,train
1.7436337,2.1392913,1.8120178,1.6902431,1,benign,Preprocessed_Dataset/ddsm/ddsm_9845.jpg,train
1.2165111,2.3310378,1.1253769,1.5174091,1,benign,Preprocessed_Dataset/ddsm/ddsm_8359.jpg,train
2.3508558,0.4980191,1.0500101,0.8371441,2,malignant,Preprocessed_Dataset/ddsm/ddsm_4306.jpg,train
1.723449,2.470421,2.239063,1.3808094,2,malignant,Preprocessed_Dataset/ddsm/ddsm_4185.jpg,train
2.0568495,2.4668868,0.5150236,2.417214,0,normal,Preprocessed_Dataset/ddsm/ddsm_1775.jpg,train
2.1314273,0.9757004,2.319619,1.8527412,1,benign,Preprocessed_Dataset/ddsm/ddsm_8820.jpg,train
2.2491112,2.691711,1.8118943,2.0851524,0,normal,Preprocessed_Dataset/ddsm/ddsm_283.jpg,train
2.6255274,2.9746144,1.3665984,2.4998326,2,malignant,Preprocessed_Dataset/ddsm/ddsm_2975.jpg,train
0.34566385,1.8607532,1.65202,0.6714892,2,malignant,Preprocessed_Dataset/cmmd/cmmd_1875.jpg,train
0.22730589,1.0290728,1.6975048,1.7710727,2,malignant,Preprocessed_Dataset/cmmd/cmmd_2521.jpg,train
2.128089,2.4249983,2.1002316,2.0403485,2,malignant,Preprocessed_Dataset/ddsm/ddsm_5095.jpg,train
1.9679439,0.7279049,2.386949,1.9640204,0,normal,Preprocessed_Dataset/ddsm/ddsm_1004.jpg,train
0.55554795,0.9873577,1.34698,2.0129085,0,normal,Preprocessed_Dataset/kau-bcmd/kau-bcmd_1144.jpg,train
0.6783391,2.1200876,1.82952,0.54276,0,normal,Preprocessed_Dataset/kau-bcmd/kau-bcmd_866.jpg,train
2.447477,0.7507418,0.9282752,0.3338468,2,malignant,Preprocessed_Dataset/ddsm/ddsm_3646.jpg,train
0.15578282,1.8161838,1.4471233,1.0336506,2,malignant,Preprocessed_Dataset/cmmd/cmmd_1070.jpg,train
2.68169,0.0,0.76414734,0.92701983,2,malignant,Preprocessed_Dataset/ddsm/ddsm_3086.jpg,train
2.4033911,0.615335,1.0761942,0.9667309,0,normal,Preprocessed_Dataset/ddsm/ddsm_1856.jpg,train
1.9060689,0.8964863,2.4793596,1.6665878,1,benign,Preprocessed_Dataset/ddsm/ddsm_10392.jpg,train
0.5791813,1.8784945,1.9821849,0.98750687,2,malignant,Preprocessed_Dataset/cmmd/cmmd_2761.jpg,train
1.8229861,2.5802958,2.3061905,0.82081497,1,benign,Preprocessed_Dataset/ddsm/ddsm_8277.jpg,train
0.34387773,1.051307,1.5522652,2.5280554,0,normal,Preprocessed_Dataset/kau-bcmd/kau-bcmd_1791.jpg,train
0.7675423,2.610389,0.8233337,0.5793788,2,malignant,Preprocessed_Dataset/inbreast/inbreast_257.jpg,train
0.23964,0.9170056,1.4619297,1.6625884,2,malignant,Preprocessed_Dataset/cmmd/cmmd_292.jpg,train
0.63795227,0.4292482,0.84179616,2.1083124,0,normal,Preprocessed_Dataset/inbreast/inbreast_393.jpg,train
1.8772442,2.2961247,1.9973823,2.0297503,1,benign,Preprocessed_Dataset/ddsm/ddsm_7035.jpg,train
2.817506,0.7656778,1.4772582,0.1397183,0,normal,Preprocessed_Dataset/ddsm/ddsm_2130.jpg,train
0.73854846,1.1343597,1.6327163,2.383121,1,benign,Preprocessed_Dataset/cdd-cesm/cdd-cesm_189.jpg,train
0.15762854,1.0398617,1.7344692,1.7724733,2,malignant,Preprocessed_Dataset/cmmd/cmmd_5177.jpg,train
2.426732,0.26657856,0.0,1.1228955,0,normal,Preprocessed_Dataset/ddsm/ddsm_1282.jpg,train
0.019609809,1.2433197,1.4636631,1.341535,2,malignant,Preprocessed_Dataset/cmmd/cmmd_2791.jpg,train
0.6585536,0.62081295,1.4314908,2.3761044,1,benign,Preprocessed_Dataset/dmid/dmid_287.jpg,train
0.70517135,2.3781586,0.8199401,0.9504403,2,malignant,Preprocessed_Dataset/dmid/dmid_60.jpg,train
2.3949509,0.6711739,1.1828705,0.64909816,0,normal,Preprocessed_Dataset/ddsm/ddsm_1262.jpg,train
0.39239377,0.9936768,2.0924072,2.255021,1,benign,Preprocessed_Dataset/cmmd/cmmd_2466.jpg,train
0.25417197,0.96308976,1.318095,1.7862549,2,malignant,Preprocessed_Dataset/cmmd/cmmd_3775.jpg,train
1.7565509,2.0541375,2.1114895,0.97407746,0,normal,Preprocessed_Dataset/ddsm/ddsm_1241.jpg,train
1.9666538,0.30317748,0.49610937,0.9077484,0,normal,Preprocessed_Dataset/ddsm/ddsm_2566.jpg,train
1.684869,1.9601334,2.3823793,1.3859023,0,normal,Preprocessed_Dataset/ddsm/ddsm_2289.jpg,train
0.35196692,2.0338666,1.7281502,0.8715025,2,malignant,Preprocessed_Dataset/cmmd/cmmd_1883.jpg,train
0.99175596,2.742217,0.44672978,1.1412904,2,malignant,Preprocessed_Dataset/ddsm/ddsm_3665.jpg,train
1.1845412,1.6327205,2.059189,1.8496865,0,normal,Preprocessed_Dataset/cdd-cesm/cdd-cesm_831.jpg,train
2.344829,0.3390634,1.339877,0.59458804,0,normal,Preprocessed_Dataset/ddsm/ddsm_2770.jpg,train
0.21128368,0.98474216,1.3222864,1.8725846,2,malignant,Preprocessed_Dataset/cmmd/cmmd_4460.jpg,train
1.7806203,2.3424287,2.4217978,1.133955,0,normal,Preprocessed_Dataset/ddsm/ddsm_1213.jpg,train
1.7502189,2.577393,1.5990978,1.540105,1,benign,Preprocessed_Dataset/ddsm/ddsm_9597.jpg,train
1.6593225,0.7903743,0.68273336,0.8204411,2,malignant,Preprocessed_Dataset/ddsm/ddsm_6194.jpg,train
0.87446094,2.7550564,0.6520792,0.406438,2,malignant,Preprocessed_Dataset/inbreast/inbreast_184.jpg,train
1.873729,2.070814,2.177075,2.0422504,1,benign,Preprocessed_Dataset/ddsm/ddsm_9937.jpg,train
1.2044258,2.4010444,2.5675416,0.13257015,2,malignant,Preprocessed_Dataset/ddsm/ddsm_5537.jpg,train
1.3172747,2.359148,1.7430023,1.768904,1,benign,Preprocessed_Dataset/ddsm/ddsm_10049.jpg,train
0.16423821,1.8617389,1.5726142,0.87755805,0,normal,Preprocessed_Dataset/kau-bcmd/kau-bcmd_424.jpg,train
0.3439852,1.977612,1.4885172,0.6865252,0,normal,Preprocessed_Dataset/kau-bcmd/kau-bcmd_1748.jpg,train
1.8532765,0.83986926,1.7915646,1.3887657,2,malignant,Preprocessed_Dataset/ddsm/ddsm_3142.jpg,train
1.8837757,0.83715624,2.5832007,1.6674044,0,normal,Preprocessed_Dataset/ddsm/ddsm_156.jpg,train
1.3586782,1.0828359,2.234516,0.4979298,2,malignant,Preprocessed_Dataset/ddsm/ddsm_4880.jpg,train
0.27537674,1.1600559,1.8931855,2.2823277,2,malignant,Preprocessed_Dataset/cmmd/cmmd_4779.jpg,train
0.32813877,2.0647924,1.5445641,0.4318875,0,normal,Preprocessed_Dataset/kau-bcmd/kau-bcmd_1760.jpg,train
1.6396717,2.704816,1.3082212,1.7834778,1,benign,Preprocessed_Dataset/ddsm/ddsm_9139.jpg,train
0.6665068,1.6846383,1.7117605,1.5824788,0,normal,Preprocessed_Dataset/kau-bcmd/kau-bcmd_268.jpg,train
1.5718544,0.91884446,2.5079744,2.4054914,0,normal,Preprocessed_Dataset/ddsm/ddsm_1576.jpg,train
0.102781415,1.119948,1.4633198,1.635816,1,benign,Preprocessed_Dataset/cmmd/cmmd_191.jpg,train
1.5363127,1.9467785,1.894588,2.3174915,1,benign,Preprocessed_Dataset/ddsm/ddsm_10305.jpg,train
1.095518,1.4608202,1.7590863,2.58154,2,malignant,Preprocessed_Dataset/cdd-cesm/cdd-cesm_257.jpg,train
1.9940462,0.73709637,2.38673,0.32530367,1,benign,Preprocessed_Dataset/ddsm/ddsm_8856.jpg,train
0.28894114,1.8724415,2.007162,1.0588237,2,malignant,Preprocessed_Dataset/cmmd/cmmd_2053.jpg,train
2.2131345,2.1146383,2.493264,1.5117711,2,malignant,Preprocessed_Dataset/ddsm/ddsm_2897.jpg,train
2.2458315,2.7149043,1.2535267,2.0533729,1,benign,Preprocessed_Dataset/ddsm/ddsm_8663.jpg,train
1.508351,1.5406075,2.564438,1.7463754,2,malignant,Preprocessed_Dataset/ddsm/ddsm_5188.jpg,train
0.25672573,1.8700585,1.9255385,0.8809928,2,malignant,Preprocessed_Dataset/cmmd/cmmd_3331.jpg,train
1.2717177,1.6608077,0.97513497,2.2667537,2,malignant,Preprocessed_Dataset/cdd-cesm/cdd-cesm_626.jpg,train
1.4822592,2.1122093,2.5914273,1.2031435,2,malignant,Preprocessed_Dataset/ddsm/ddsm_3505.jpg,train
0.8168475,2.7075548,1.0655377,1.1135828,1,benign,Preprocessed_Dataset/ddsm/ddsm_7265.jpg,train
1.8924136,0.3778559,0.01527679,1.3616871,1,benign,Preprocessed_Dataset/ddsm/ddsm_6446.jpg,train
1.0339019,0.3118813,1.0988857,2.0907507,1,benign,Preprocessed_Dataset/dmid/dmid_393.jpg,train
0.6729707,2.1489987,1.5736375,0.57304657,0,normal,Preprocessed_Dataset/kau-bcmd/kau-bcmd_1912.jpg,train
1.6136951,2.4850748,0.5891689,2.1279404,1,benign,Preprocessed_Dataset/ddsm/ddsm_6767.jpg,train
0.15852988,1.1524744,1.4026895,1.8326813,2,malignant,Preprocessed_Dataset/cmmd/cmmd_262.jpg,train
0.8135338,0.5887818,1.6614045,2.4144921,0,normal,Preprocessed_Dataset/dmid/dmid_208.jpg,train
2.4009047,0.22769749,0.2245841,1.8414834,2,malignant,Preprocessed_Dataset/ddsm/ddsm_6328.jpg,train
0.035475135,1.7438838,1.5871636,1.3425151,1,benign,Preprocessed_Dataset/cmmd/cmmd_611.jpg,train
2.2262495,0.84659183,1.2551179,0.49070787,2,malignant,Preprocessed_Dataset/ddsm/ddsm_5446.jpg,train
0.028157353,1.2177093,1.6501118,1.669518,1,benign,Preprocessed_Dataset/cmmd/cmmd_537.jpg,train
1.7777299,2.813101,0.44604862,1.6700985,2,malignant,Preprocessed_Dataset/ddsm/ddsm_6047.jpg,train
2.092134,2.724586,0.66046584,2.2069526,1,benign,Preprocessed_Dataset/ddsm/ddsm_8475.jpg,train
1.7937546,0.6175781,1.5662482,0.6209247,1,benign,Preprocessed_Dataset/ddsm/ddsm_10248.jpg,train
2.5471911,0.2812171,0.8458445,0.90333664,2,malignant,Preprocessed_Dataset/ddsm/ddsm_5658.jpg,train
0.14179742,1.0395253,1.6866685,1.8101891,2,malignant,Preprocessed_Dataset/cmmd/cmmd_4646.jpg,train
0.2724089,1.0433328,1.2793818,2.0796864,0,normal,Preprocessed_Dataset/kau-bcmd/kau-bcmd_1257.jpg,train
0.44605005,1.0075158,1.611848,2.5012398,0,normal,Preprocessed_Dataset/kau-bcmd/kau-bcmd_1081.jpg,train
0.27273458,2.0147324,1.5586672,0.71887267,0,normal,Preprocessed_Dataset/kau-bcmd/kau-bcmd_769.jpg,train
1.6367552,1.9157987,2.2758515,1.4357914,2,malignant,Preprocessed_Dataset/ddsm/ddsm_3385.jpg,train
2.289289,2.3162735,1.1382097,1.5825013,1,benign,Preprocessed_Dataset/ddsm/ddsm_9669.jpg,train
2.2456527,1.0120765,2.4775913,1.716368,0,normal,Preprocessed_Dataset/ddsm/ddsm_2552.jpg,train
1.7128787,0.74071103,2.4299426,1.1906917,1,benign,Preprocessed_Dataset/ddsm/ddsm_6740.jpg,train
0.15671623,1.8521514,1.442636,1.0504587,2,malignant,Preprocessed_Dataset/cmmd/cmmd_1721.jpg,train
1.6720872,2.1137953,2.4421792,1.3404763,0,normal,Preprocessed_Dataset/ddsm/ddsm_2145.jpg,train
0.17275286,1.0874624,1.6052974,1.9416016,2,malignant,Preprocessed_Dataset/cmmd/cmmd_4336.jpg,train
1.8415431,0.73292184,0.75305843,1.1897676,1,benign,Preprocessed_Dataset/ddsm/ddsm_10206.jpg,train
0.06658852,1.7882648,1.3767354,1.3827219,2,malignant,Preprocessed_Dataset/cmmd/cmmd_2043.jpg,train
2.1362376,0.7526471,1.383938,0.5754763,0,normal,Preprocessed_Dataset/ddsm/ddsm_1662.jpg,train
1.6307566,2.512301,1.8128924,1.7409497,0,normal,Preprocessed_Dataset/ddsm/ddsm_409.jpg,train
0.108297706,1.8202786,1.4286703,1.1605414,2,malignant,Preprocessed_Dataset/cmmd/cmmd_1126.jpg,train
0.7036783,0.87473994,1.4606527,2.0400076,0,normal,Preprocessed_Dataset/kau-bcmd/kau-bcmd_659.jpg,train
0.81567395,2.2746458,1.460728,0.70828664,0,normal,Preprocessed_Dataset/kau-bcmd/kau-bcmd_1724.jpg,train
1.7634575,1.9714388,3.1203704,1.3450868,2,malignant,Preprocessed_Dataset/ddsm/ddsm_3501.jpg,train
0.38307792,1.9451025,1.5718861,0.50609875,0,normal,Preprocessed_Dataset/kau-bcmd/kau-bcmd_1083.jpg,train
0.20704031,0.9803391,1.600393,1.8418083,2,malignant,Preprocessed_Dataset/cmmd/cmmd_2755.jpg,train
1.9627054,0.83878547,1.610729,0.47639906,1,benign,Preprocessed_Dataset/ddsm/ddsm_8390.jpg,train
1.9681547,0.42804968,1.3182037,1.2571601,1,benign,Preprocessed_Dataset/ddsm/ddsm_8614.jpg,train
0.056234837,1.128039,1.3961262,1.396405,2,malignant,Preprocessed_Dataset/cmmd/cmmd_5188.jpg,train
1.6288874,2.2400665,1.4180919,2.0820684,1,benign,Preprocessed_Dataset/ddsm/ddsm_9545.jpg,train
1.8635367,0.7311789,2.529604,1.5844463,0,normal,Preprocessed_Dataset/ddsm/ddsm_2636.jpg,train
0.62233585,0.53699577,0.9074859,1.9817443,1,benign,Preprocessed_Dataset/inbreast/inbreast_240.jpg,train
0.31668967,0.89850605,1.0958195,1.5580629,0,normal,Preprocessed_Dataset/kau-bcmd/kau-bcmd_2171.jpg,train
1.7396005,0.80344963,2.0490794,1.1521399,1,benign,Preprocessed_Dataset/ddsm/ddsm_6660.jpg,train
1.8376911,0.7916274,2.3768482,1.8320578,0,normal,Preprocessed_Dataset/ddsm/ddsm_1816.jpg,train
0.12405574,1.8836155,1.4000163,1.1282147,1,benign,Preprocessed_Dataset/cmmd/cmmd_26.jpg,train
0.036583424,1.6878822,1.5137864,1.2978997,2,malignant,Preprocessed_Dataset/cmmd/cmmd_709.jpg,train
0.17448008,1.8096024,1.564279,0.9003294,2,malignant,Preprocessed_Dataset/cmmd/cmmd_3060.jpg,train
1.0230123,2.16954,1.5072091,1.5741572,2,malignant,Preprocessed_Dataset/cmmd/cmmd_1455.jpg,train
1.8799711,1.1556675,2.8889074,1.8275689,0,normal,Preprocessed_Dataset/ddsm/ddsm_640.jpg,train
0.21356785,1.8085064,1.7572521,0.8366268,2,malignant,Preprocessed_Dataset/cmmd/cmmd_1381.jpg,train
1.8891764,0.5831494,0.39101267,0.9761657,0,normal,Preprocessed_Dataset/ddsm/ddsm_2642.jpg,train
0.6401789,0.7942214,1.1842064,1.9416256,0,normal,Preprocessed_Dataset/kau-bcmd/kau-bcmd_109.jpg,train
2.487948,0.5369195,1.7993957,0.4071231,1,benign,Preprocessed_Dataset/ddsm/ddsm_8470.jpg,train
1.8909259,1.1362784,2.8645778,1.4221841,1,benign,Preprocessed_Dataset/ddsm/ddsm_9800.jpg,train
1.158339,1.3620486,1.402573,1.2704345,0,normal,Preprocessed_Dataset/cdd-cesm/cdd-cesm_629.jpg,train
1.1112933,1.2894709,2.5207198,1.4651761,0,normal,Preprocessed_Dataset/cdd-cesm/cdd-cesm_604.jpg,train
2.8459663,0.42555428,0.7892686,0.48775458,2,malignant,Preprocessed_Dataset/ddsm/ddsm_4978.jpg,train
0.18163395,1.564302,1.8535438,1.465784,0,normal,Preprocessed_Dataset/kau-bcmd/kau-bcmd_256.jpg,train
0.16298449,1.0473757,1.6549951,1.8623097,0,normal,Preprocessed_Dataset/kau-bcmd/kau-bcmd_1392.jpg,train
1.8026901,2.4174907,1.554918,1.7831576,2,malignant,Preprocessed_Dataset/ddsm/ddsm_4943.jpg,train
1.4652494,1.5858479,2.2189133,1.8262866,1,benign,Preprocessed_Dataset/cdd-cesm/cdd-cesm_871.jpg,train
1.7860556,2.531811,2.398363,1.5784923,0,normal,Preprocessed_Dataset/ddsm/ddsm_1633.jpg,train
1.7117698,2.335886,1.4851453,1.50147,2,malignant,Preprocessed_Dataset/ddsm/ddsm_5593.jpg,train
0.32463688,1.1470213,1.8642406,2.1968255,2,malignant,Preprocessed_Dataset/cmmd/cmmd_5030.jpg,train
1.589312,0.9974824,1.2888894,0.7181242,2,malignant,Preprocessed_Dataset/ddsm/ddsm_4022.jpg,train
1.4423189,1.5066695,2.1254208,1.9166003,1,benign,Preprocessed_Dataset/ddsm/ddsm_7172.jpg,train
2.3436832,0.44762945,1.6426393,0.68239945,1,benign,Preprocessed_Dataset/ddsm/ddsm_8350.jpg,train
0.2470622,0.9173069,1.0990661,1.3426101,2,malignant,Preprocessed_Dataset/cmmd/cmmd_4033.jpg,train
2.8599684,0.6238854,1.346019,0.2909733,2,malignant,Preprocessed_Dataset/ddsm/ddsm_4510.jpg,train
1.8910875,2.0947585,2.59995,1.4940858,2,malignant,Preprocessed_Dataset/ddsm/ddsm_5117.jpg,train
1.5595431,2.12102,1.9009035,0.7372382,2,malignant,Preprocessed_Dataset/ddsm/ddsm_5817.jpg,train
2.0400445,2.3993425,2.608072,0.9822734,2,malignant,Preprocessed_Dataset/ddsm/ddsm_5017.jpg,train
0.3849424,0.90125513,1.629197,2.4144435,1,benign,Preprocessed_Dataset/cmmd/cmmd_2358.jpg,train
0.29174036,2.0413642,1.4982455,0.9931413,2,malignant,Preprocessed_Dataset/cmmd/cmmd_3000.jpg,train
0.44909543,0.7837913,1.2173104,1.892503,1,benign,Preprocessed_Dataset/inbreast/inbreast_51.jpg,train
2.3943949,2.1408277,1.4744769,2.9552617,1,benign,Preprocessed_Dataset/ddsm/ddsm_8335.jpg,train
1.6254848,2.001071,2.5526218,1.0037942,1,benign,Preprocessed_Dataset/ddsm/ddsm_8253.jpg,train
2.100317,0.92941403,1.759818,1.363666,1,benign,Preprocessed_Dataset/ddsm/ddsm_9736.jpg,train
0.47215617,0.8007125,1.4996225,2.3064,0,normal,Preprocessed_Dataset/kau-bcmd/kau-bcmd_2039.jpg,test
0.97497284,0.842968,1.7824757,2.9440985,1,benign,Preprocessed_Dataset/ddsm/ddsm_7020.jpg,test
2.2751746,1.1106501,2.1721683,0.8451854,1,benign,Preprocessed_Dataset/ddsm/ddsm_9796.jpg,test
1.9499445,1.8641672,1.3703967,2.943234,2,malignant,Preprocessed_Dataset/ddsm/ddsm_3313.jpg,test
0.30069786,1.8784482,1.4895296,0.77245224,0,normal,Preprocessed_Dataset/kau-bcmd/kau-bcmd_341.jpg,test
1.5828395,0.65544176,1.2016335,0.9940177,0,normal,Preprocessed_Dataset/ddsm/ddsm_670.jpg,test
1.8315518,2.1304312,1.7160838,2.1192439,1,benign,Preprocessed_Dataset/ddsm/ddsm_7909.jpg,test
0.20389783,1.8228171,1.3652017,0.93312013,2,malignant,Preprocessed_Dataset/cmmd/cmmd_1307.jpg,test
2.2157521,2.9528508,1.3436421,1.6819361,0,normal,Preprocessed_Dataset/ddsm/ddsm_427.jpg,test
0.29717022,1.1115015,1.7840322,2.3750072,1,benign,Preprocessed_Dataset/cmmd/cmmd_2248.jpg,test
1.893295,1.293239,2.0142052,1.7406516,0,normal,Preprocessed_Dataset/ddsm/ddsm_2532.jpg,test
0.2532444,1.9604168,1.6646056,0.7153579,0,normal,Preprocessed_Dataset/kau-bcmd/kau-bcmd_1884.jpg,test
1.3379022,1.7395234,2.2822013,1.8153256,1,benign,Preprocessed_Dataset/ddsm/ddsm_8025.jpg,test
1.0723459,1.4780421,1.5560633,2.0473375,0,normal,Preprocessed_Dataset/cdd-cesm/cdd-cesm_62.jpg,test
1.9927659,0.7559353,2.3973708,1.2828286,0,normal,Preprocessed_Dataset/ddsm/ddsm_2356.jpg,test
2.014314,0.38082755,1.7055985,0.85909134,0,normal,Preprocessed_Dataset/ddsm/ddsm_660.jpg,test
0.6997637,2.2480128,1.5163406,1.0173545,2,malignant,Preprocessed_Dataset/cmmd/cmmd_1326.jpg,test
1.5093508,1.0985916,1.810442,1.1909521,1,benign,Preprocessed_Dataset/ddsm/ddsm_9720.jpg,test
0.26676637,1.6191739,1.9082749,1.0190992,0,normal,Preprocessed_Dataset/kau-bcmd/kau-bcmd_145.jpg,test
1.6871117,2.4345367,1.3538465,2.2137158,2,malignant,Preprocessed_Dataset/ddsm/ddsm_5571.jpg,test
1.2347678,1.172019,2.3679621,1.296749,0,normal,Preprocessed_Dataset/cdd-cesm/cdd-cesm_911.jpg,test
0.06862688,1.8183097,1.4325701,1.2941878,2,malignant,Preprocessed_Dataset/cmmd/cmmd_741.jpg,test
0.0686388,1.815733,1.391302,1.337939,1,benign,Preprocessed_Dataset/cmmd/cmmd_36.jpg,test
1.8519453,2.1640449,1.8747733,1.9028689,1,benign,Preprocessed_Dataset/ddsm/ddsm_7485.jpg,test
0.75772125,2.243367,1.4273646,0.7452269,1,benign,Preprocessed_Dataset/inbreast/inbreast_371.jpg,test
0.081587315,1.8463951,1.5599397,1.2832752,2,malignant,Preprocessed_Dataset/cmmd/cmmd_1641.jpg,test
1.2055063,1.4603779,1.4970223,0.9383915,1,benign,Preprocessed_Dataset/cdd-cesm/cdd-cesm_791.jpg,test
2.0285547,0.99549085,2.57352,1.7317436,1,benign,Preprocessed_Dataset/ddsm/ddsm_6908.jpg,test
2.505366,0.6807529,1.21931,0.30605412,2,malignant,Preprocessed_Dataset/ddsm/ddsm_3726.jpg,test
1.6124938,2.503344,1.2104654,1.8415838,1,benign,Preprocessed_Dataset/ddsm/ddsm_9267.jpg,test
1.8462249,1.3987824,2.5914724,1.4362127,1,benign,Preprocessed_Dataset/ddsm/ddsm_7512.jpg,test
1.9546092,2.548643,1.1795696,2.2544544,2,malignant,Preprocessed_Dataset/ddsm/ddsm_5119.jpg,test
0.4610932,1.9464912,1.4048216,0.86970496,2,malignant,Preprocessed_Dataset/cmmd/cmmd_1339.jpg,test
1.9059486,0.65333265,1.70543,1.4479125,1,benign,Preprocessed_Dataset/ddsm/ddsm_9596.jpg,test
1.5441186,2.210114,1.7996628,2.0617185,1,benign,Preprocessed_Dataset/ddsm/ddsm_7791.jpg,test
1.8035555,2.4276633,2.6434393,1.1884985,0,normal,Preprocessed_Dataset/ddsm/ddsm_2625.jpg,test
2.1165116,1.2090286,2.5545425,1.8639355,1,benign,Preprocessed_Dataset/ddsm/ddsm_8660.jpg,test
1.5508068,1.168932,1.9810624,2.1385884,0,normal,Preprocessed_Dataset/ddsm/ddsm_776.jpg,test
2.8006027,-0.008990288,1.2859268,0.6413323,1,benign,Preprocessed_Dataset/ddsm/ddsm_6958.jpg,test
1.8600838,2.5488443,1.0206649,1.7892468,1,benign,Preprocessed_Dataset/ddsm/ddsm_7539.jpg,test
1.930994,2.5685215,1.7473516,1.9391289,2,malignant,Preprocessed_Dataset/ddsm/ddsm_6407.jpg,test
0.08654857,1.1554378,1.5572143,1.78393,2,malignant,Preprocessed_Dataset/cmmd/cmmd_4114.jpg,test
2.6784868,0.5562256,1.4507437,0.33790147,2,malignant,Preprocessed_Dataset/ddsm/ddsm_5278.jpg,test
0.055637717,1.8346801,1.4759607,1.3516203,2,malignant,Preprocessed_Dataset/cmmd/cmmd_850.jpg,test
0.11227071,1.125253,1.5157032,1.9146124,0,normal,Preprocessed_Dataset/kau-bcmd/kau-bcmd_367.jpg,test
2.1448865,2.981144,1.1151785,2.1154926,0,normal,Preprocessed_Dataset/ddsm/ddsm_309.jpg,test
2.0966434,2.6188874,1.2120037,2.4412317,0,normal,Preprocessed_Dataset/ddsm/ddsm_1195.jpg,test
1.9253668,2.6939044,0.75689185,2.1624408,1,benign,Preprocessed_Dataset/ddsm/ddsm_10219.jpg,test
0.2938189,1.7383981,1.8448051,0.73271465,1,benign,Preprocessed_Dataset/cmmd/cmmd_2200.jpg,test
2.0362954,0.5920771,1.5169575,1.2079859,0,normal,Preprocessed_Dataset/ddsm/ddsm_1608.jpg,test
1.0142097,1.670949,2.390841,1.3560146,1,benign,Preprocessed_Dataset/cdd-cesm/cdd-cesm_699.jpg,test
1.7860756,2.4562073,1.3291551,2.2854767,0,normal,Preprocessed_Dataset/ddsm/ddsm_2535.jpg,test
0.16802585,1.8408793,1.357151,1.0215367,2,malignant,Preprocessed_Dataset/cmmd/cmmd_1331.jpg,test
0.9614247,2.3452735,1.8606713,0.72516733,1,benign,Preprocessed_Dataset/inbreast/inbreast_112.jpg,test
1.1133554,2.365715,2.3202636,0.14933646,0,normal,Preprocessed_Dataset/ddsm/ddsm_609.jpg,test
1.867563,0.42629504,1.071817,1.190599,0,normal,Preprocessed_Dataset/ddsm/ddsm_618.jpg,test
0.1340549,1.7421466,1.4990222,1.0434449,2,malignant,Preprocessed_Dataset/cmmd/cmmd_1138.jpg,test
0.3416804,2.1328585,1.267046,0.81636345,2,malignant,Preprocessed_Dataset/cmmd/cmmd_3394.jpg,test
2.0581539,0.19224644,1.6305145,0.6679366,0,normal,Preprocessed_Dataset/ddsm/ddsm_676.jpg,test
2.1749287,0.70941,1.1882212,0.51351494,2,malignant,Preprocessed_Dataset/ddsm/ddsm_5402.jpg,test
1.6587862,1.1166365,2.348274,2.062057,0,normal,Preprocessed_Dataset/ddsm/ddsm_2020.jpg,test
1.9209887,1.5595974,2.751081,1.357693,0,normal,Preprocessed_Dataset/ddsm/ddsm_1240.jpg,test
0.16522479,1.0718694,1.5804045,1.9610672,2,malignant,Preprocessed_Dataset/cmmd/cmmd_5007.jpg,test
2.6061378,0.34870172,1.2791109,0.35541356,2,malignant,Preprocessed_Dataset/ddsm/ddsm_5834.jpg,test
1.1903636,2.2484996,1.9935751,1.2368957,1,benign,Preprocessed_Dataset/inbreast/inbreast_108.jpg,test
2.023686,2.6688485,1.5152148,2.0648794,1,benign,Preprocessed_Dataset/ddsm/ddsm_7159.jpg,test
2.059698,0.540341,0.7008736,1.1242667,1,benign,Preprocessed_Dataset/ddsm/ddsm_9450.jpg,test
2.3095117,0.86021715,1.5486791,1.3070365,0,normal,Preprocessed_Dataset/ddsm/ddsm_2360.jpg,test
1.47331,0.8418948,2.3624163,1.7057428,1,benign,Preprocessed_Dataset/ddsm/ddsm_7308.jpg,test
2.0151386,2.4642327,1.4473226,2.4141858,1,benign,Preprocessed_Dataset/ddsm/ddsm_10337.jpg,test
2.0474215,0.74742216,2.3008695,1.1652086,0,normal,Preprocessed_Dataset/ddsm/ddsm_2112.jpg,test
0.12711,0.9814794,1.5482175,1.4996799,2,malignant,Preprocessed_Dataset/cmmd/cmmd_865.jpg,test
0.28806454,1.6536928,1.7842718,1.0622526,0,normal,Preprocessed_Dataset/kau-bcmd/kau-bcmd_1138.jpg,test
1.1492099,1.3913751,2.4955268,1.4230002,2,malignant,Preprocessed_Dataset/cdd-cesm/cdd-cesm_194.jpg,test
1.916388,1.0538892,2.0757666,1.6910281,2,malignant,Preprocessed_Dataset/ddsm/ddsm_3796.jpg,test
1.6806273,0.6770312,1.4596152,0.7345097,1,benign,Preprocessed_Dataset/ddsm/ddsm_8002.jpg,test
0.12858462,0.9898403,1.5214037,1.6348183,1,benign,Preprocessed_Dataset/cmmd/cmmd_3592.jpg,test
0.24409902,2.0008135,1.5072234,0.78011245,2,malignant,Preprocessed_Dataset/cmmd/cmmd_1208.jpg,test
1.6726266,0.87806565,2.4358964,1.2283025,2,malignant,Preprocessed_Dataset/ddsm/ddsm_5260.jpg,test
1.844084,0.8656308,1.7420837,0.83334863,1,benign,Preprocessed_Dataset/ddsm/ddsm_9354.jpg,test
0.1584624,1.8846195,1.5542374,1.0457797,2,malignant,Preprocessed_Dataset/cmmd/cmmd_1846.jpg,test
0.1969955,1.5380056,1.8867353,1.3406316,1,benign,Preprocessed_Dataset/kau-bcmd/kau-bcmd_1338.jpg,test
0.23653638,1.9123968,1.4422989,0.776877,1,benign,Preprocessed_Dataset/cmmd/cmmd_2240.jpg,test
1.558816,2.0781178,2.1535356,0.9551596,0,normal,Preprocessed_Dataset/ddsm/ddsm_2613.jpg,test
1.9031668,2.5779219,0.9223123,2.2451096,2,malignant,Preprocessed_Dataset/ddsm/ddsm_4015.jpg,test
2.1030154,1.1039555,2.6685321,1.3002473,0,normal,Preprocessed_Dataset/ddsm/ddsm_2336.jpg,test
2.5382013,0.31880414,0.7537037,0.5300575,1,benign,Preprocessed_Dataset/ddsm/ddsm_7370.jpg,test
1.9861115,2.142799,1.1309729,2.8857038,1,benign,Preprocessed_Dataset/ddsm/ddsm_7263.jpg,test
1.1647879,2.082333,0.6387699,2.1253834,1,benign,Preprocessed_Dataset/ddsm/ddsm_7299.jpg,test
2.4650714,2.5978866,0.033389807,2.457478,0,normal,Preprocessed_Dataset/ddsm/ddsm_87.jpg,test
0.3423481,0.95780647,1.374724,2.343464,0,normal,Preprocessed_Dataset/kau-bcmd/kau-bcmd_1790.jpg,test
0.28236878,1.0757649,1.3766303,2.0890782,0,normal,Preprocessed_Dataset/kau-bcmd/kau-bcmd_1652.jpg,test
2.4877663,0.779682,2.4368596,1.0687668,2,malignant,Preprocessed_Dataset/ddsm/ddsm_5068.jpg,test
0.048372865,1.7281371,1.5891734,1.2570109,2,malignant,Preprocessed_Dataset/cmmd/cmmd_2818.jpg,test
1.0697496,0.4176389,1.8787932,2.5956628,1,benign,Preprocessed_Dataset/inbreast/inbreast_57.jpg,test
1.820938,0.3255577,1.6300983,1.7135828,1,benign,Preprocessed_Dataset/ddsm/ddsm_7836.jpg,test
1.3150847,1.9274228,2.251338,1.2974133,1,benign,Preprocessed_Dataset/ddsm/ddsm_7221.jpg,test
2.2722528,0.57442516,1.830306,0.86964077,2,malignant,Preprocessed_Dataset/ddsm/ddsm_5138.jpg,test
0.39771074,2.0327044,1.5190051,0.75681674,2,malignant,Preprocessed_Dataset/cmmd/cmmd_1139.jpg,test
1.2949992,0.52600765,1.9215759,2.0562365,1,benign,Preprocessed_Dataset/ddsm/ddsm_9144.jpg,test
0.13073218,1.868489,1.5226785,0.99850833,0,normal,Preprocessed_Dataset/kau-bcmd/kau-bcmd_336.jpg,test
1.6484752,2.5642383,1.8227972,1.808054,1,benign,Preprocessed_Dataset/ddsm/ddsm_9297.jpg,test
0.3998841,2.055857,1.5142001,0.7632459,2,malignant,Preprocessed_Dataset/cmmd/cmmd_1562.jpg,test
1.741471,2.3922837,1.541707,1.8949604,2,malignant,Preprocessed_Dataset/ddsm/ddsm_5211.jpg,test
0.44565666,2.1477227,1.5065627,0.7270933,2,malignant,Preprocessed_Dataset/cmmd/cmmd_3284.jpg,test
2.2237773,0.6660573,1.8812613,0.80982465,0,normal,Preprocessed_Dataset/ddsm/ddsm_2410.jpg,test
1.6505224,2.5648527,2.5095553,0.94893956,2,malignant,Preprocessed_Dataset/ddsm/ddsm_5061.jpg,test
1.2426685,1.1161308,2.3582993,1.2915021,1,benign,Preprocessed_Dataset/ddsm/ddsm_7248.jpg,test
1.9074222,0.6732376,2.3149981,1.5600309,0,normal,Preprocessed_Dataset/ddsm/ddsm_2260.jpg,test
0.8280047,0.57185656,1.6179667,2.6916947,1,benign,Preprocessed_Dataset/inbreast/inbreast_241.jpg,test
1.6952437,2.1947532,2.67779,1.2268002,2,malignant,Preprocessed_Dataset/ddsm/ddsm_5885.jpg,test
1.9919169,0.5466103,2.0892904,1.0479147,2,malignant,Preprocessed_Dataset/ddsm/ddsm_4968.jpg,test
0.052026868,1.1859453,1.6247088,1.711092,2,malignant,Preprocessed_Dataset/cmmd/cmmd_3745.jpg,test
0.35440785,1.8532623,1.7343476,0.6688634,2,malignant,Preprocessed_Dataset/cmmd/cmmd_3282.jpg,test
0.70467585,2.0596979,1.448976,0.8401576,0,normal,Preprocessed_Dataset/kau-bcmd/kau-bcmd_956.jpg,test
0.9033864,1.3351502,2.1203816,1.7196292,0,normal,Preprocessed_Dataset/cdd-cesm/cdd-cesm_349.jpg,test
1.8372827,2.2038798,1.8677394,1.4712398,1,benign,Preprocessed_Dataset/ddsm/ddsm_9997.jpg,test
2.312457,2.5443063,1.7733102,2.2758875,0,normal,Preprocessed_Dataset/ddsm/ddsm_2715.jpg,test
2.1494453,2.6491468,0.88383245,2.4004264,1,benign,Preprocessed_Dataset/ddsm/ddsm_6623.jpg,test
1.3694837,1.3235899,2.1769974,2.3134942,0,normal,Preprocessed_Dataset/cdd-cesm/cdd-cesm_827.jpg,test
0.13867688,1.5266193,1.7904394,1.368275,0,normal,Preprocessed_Dataset/kau-bcmd/kau-bcmd_115.jpg,test
0.105036974,1.8423059,1.5128409,1.1875846,1,benign,Preprocessed_Dataset/cmmd/cmmd_2385.jpg,test
0.6680918,2.2143312,1.4420662,0.9491838,2,malignant,Preprocessed_Dataset/cmmd/cmmd_911.jpg,test
0.27694845,1.3611792,1.8230762,1.9147723,1,benign,Preprocessed_Dataset/kau-bcmd/kau-bcmd_588.jpg,test
1.8312241,1.3430669,2.565673,1.815809,1,benign,Preprocessed_Dataset/ddsm/ddsm_9948.jpg,test
2.3056087,2.626357,1.7272254,1.9970144,2,malignant,Preprocessed_Dataset/ddsm/ddsm_5833.jpg,test
2.656106,0.7866634,1.334939,0.45044684,0,normal,Preprocessed_Dataset/ddsm/ddsm_750.jpg,test
1.7984102,2.0858867,2.5347714,1.1377168,0,normal,Preprocessed_Dataset/ddsm/ddsm_2485.jpg,test
1.7665379,2.616219,0.8435006,1.8182561,0,normal,Preprocessed_Dataset/ddsm/ddsm_2315.jpg,test
1.923326,2.5838647,0.35644627,2.43985,0,normal,Preprocessed_Dataset/ddsm/ddsm_1659.jpg,test
1.8086104,0.7961503,1.2530427,0.7371601,1,benign,Preprocessed_Dataset/ddsm/ddsm_6494.jpg,test
0.17818224,1.0188425,1.678051,1.7265557,2,malignant,Preprocessed_Dataset/cmmd/cmmd_4721.jpg,test
0.2542836,1.9306421,1.400086,0.9409296,2,malignant,Preprocessed_Dataset/cmmd/cmmd_926.jpg,test
0.22344387,2.084209,1.3543178,0.9680208,2,malignant,Preprocessed_Dataset/cmmd/cmmd_2813.jpg,test
2.3601108,2.5257828,1.4903805,2.4852343,0,normal,Preprocessed_Dataset/ddsm/ddsm_1071.jpg,test
0.2595268,1.8250036,1.5721902,0.9093457,2,malignant,Preprocessed_Dataset/cmmd/cmmd_1106.jpg,test
0.3302523,0.9274011,1.5638992,2.1729279,0,normal,Preprocessed_Dataset/kau-bcmd/kau-bcmd_2035.jpg,test
1.8573728,2.0152354,2.6547668,1.5590347,2,malignant,Preprocessed_Dataset/ddsm/ddsm_4153.jpg,test
1.9763181,0.61254334,2.0369396,1.1174161,1,benign,Preprocessed_Dataset/ddsm/ddsm_8638.jpg,test
0.12309575,1.1381277,1.6245992,1.928172,0,normal,Preprocessed_Dataset/kau-bcmd/kau-bcmd_1835.jpg,test
0.5518721,0.89099306,1.7625297,2.5418425,0,normal,Preprocessed_Dataset/kau-bcmd/kau-bcmd_1352.jpg,test
0.11278343,1.0247483,1.4599142,1.4998899,1,benign,Preprocessed_Dataset/cmmd/cmmd_3599.jpg,test
1.8115063,0.89382046,2.7126226,1.7989675,2,malignant,Preprocessed_Dataset/ddsm/ddsm_4436.jpg,test
1.6030076,2.6589093,1.4592919,1.7409037,1,benign,Preprocessed_Dataset/ddsm/ddsm_7647.jpg,test
0.9489576,2.285295,1.2272071,1.2953116,0,normal,Preprocessed_Dataset/kau-bcmd/kau-bcmd_484.jpg,test
1.8248897,2.2442164,2.741085,0.48741758,2,malignant,Preprocessed_Dataset/ddsm/ddsm_5385.jpg,test
1.6000972,0.87479454,2.585105,2.2874866,1,benign,Preprocessed_Dataset/ddsm/ddsm_9416.jpg,test
0.28782862,1.966542,1.5650659,0.7045169,2,malignant,Preprocessed_Dataset/cmmd/cmmd_1474.jpg,test
1.8859236,2.5617814,0.39027727,2.1809595,0,normal,Preprocessed_Dataset/ddsm/ddsm_2263.jpg,test
2.0004427,0.48195302,1.1213182,0.7084425,1,benign,Preprocessed_Dataset/ddsm/ddsm_6782.jpg,test
1.7991428,2.1429417,2.6543958,1.2601302,1,benign,Preprocessed_Dataset/ddsm/ddsm_9525.jpg,test
1.5719641,2.7457316,0.7044226,1.5501826,2,malignant,Preprocessed_Dataset/ddsm/ddsm_5423.jpg,test
1.7704914,2.8365703,0.5826267,1.5218241,1,benign,Preprocessed_Dataset/ddsm/ddsm_7583.jpg,test
2.4488077,0.35842776,1.401953,0.44095826,0,normal,Preprocessed_Dataset/ddsm/ddsm_1334.jpg,test
0.22030771,0.9796637,1.5373601,1.9482385,0,normal,Preprocessed_Dataset/kau-bcmd/kau-bcmd_1924.jpg,test
0.12741268,1.0640457,1.4871919,1.7409884,2,malignant,Preprocessed_Dataset/cmmd/cmmd_880.jpg,test
1.5866301,0.831181,2.4974155,1.6648393,1,benign,Preprocessed_Dataset/ddsm/ddsm_6964.jpg,test
0.5712932,0.9626442,1.9018267,2.5258648,0,normal,Preprocessed_Dataset/kau-bcmd/kau-bcmd_86.jpg,test
0.33536893,1.9541739,1.6686009,0.58002794,2,malignant,Preprocessed_Dataset/cmmd/cmmd_3067.jpg,test
0.30969733,1.9710488,1.5167781,0.78022116,0,normal,Preprocessed_Dataset/kau-bcmd/kau-bcmd_1530.jpg,test
2.0515554,2.1184506,2.7723458,1.4731891,0,normal,Preprocessed_Dataset/ddsm/ddsm_2233.jpg,test
1.6580703,0.83240277,1.6832159,0.83584625,2,malignant,Preprocessed_Dataset/ddsm/ddsm_4110.jpg,test
0.21908057,1.8168883,1.8544251,0.90372694,1,benign,Preprocessed_Dataset/cmmd/cmmd_2281.jpg,test
1.9003417,3.060439,0.5958358,1.4219316,1,benign,Preprocessed_Dataset/ddsm/ddsm_6751.jpg,test
0.12521899,1.0831637,1.5868651,1.7269657,2,malignant,Preprocessed_Dataset/cmmd/cmmd_4135.jpg,test
0.80168915,2.670546,1.1776681,0.24649465,0,normal,Preprocessed_Dataset/inbreast/inbreast_260.jpg,test
1.6504844,0.6337035,2.5605707,0.85298645,2,malignant,Preprocessed_Dataset/ddsm/ddsm_3776.jpg,test
0.6100299,0.8426334,1.5513308,2.0178328,2,malignant,Preprocessed_Dataset/cmmd/cmmd_3964.jpg,test
1.3575115,1.4660552,1.3095932,2.807755,0,normal,Preprocessed_Dataset/cdd-cesm/cdd-cesm_733.jpg,test
1.8605695,0.75324374,1.4768989,0.9674664,2,malignant,Preprocessed_Dataset/ddsm/ddsm_4006.jpg,test
0.07937622,1.1591873,1.6414726,1.7274054,2,malignant,Preprocessed_Dataset/cmmd/cmmd_66.jpg,test
0.05324614,1.8163226,1.2355392,1.6419022,0,normal,Preprocessed_Dataset/kau-bcmd/kau-bcmd_130.jpg,test
1.9277393,2.5621033,0.85247666,2.5240524,0,normal,Preprocessed_Dataset/ddsm/ddsm_1147.jpg,test
0.088832736,1.5464838,1.7025903,1.5388373,0,normal,Preprocessed_Dataset/kau-bcmd/kau-bcmd_738.jpg,test
0.17245984,1.7955456,1.4777344,1.0994165,1,benign,Preprocessed_Dataset/cmmd/cmmd_532.jpg,test
0.60253876,0.9572635,1.8661845,2.4005473,0,normal,Preprocessed_Dataset/kau-bcmd/kau-bcmd_1949.jpg,test
1.5860032,0.5649148,1.0010393,1.1982753,1,benign,Preprocessed_Dataset/ddsm/ddsm_10270.jpg,test
1.970134,1.9642206,2.6715434,1.5857961,2,malignant,Preprocessed_Dataset/ddsm/ddsm_6261.jpg,test
1.7039717,0.3127315,1.8786569,2.0354917,2,malignant,Preprocessed_Dataset/ddsm/ddsm_5372.jpg,test
2.360724,0.72860706,2.3698997,1.4624723,2,malignant,Preprocessed_Dataset/ddsm/ddsm_2940.jpg,test
